content	geometry	method	quality	cpu_sha256	nvdec_sha256	cpu_bytes	nvdec_bytes	nvdec_selected	decline_reason	cpu_json	nvdec_json
graphic	tiny-17x13	0	25	63c21e0b43baa50c1fcb93f2445c6c640b75fab72d24c1ddb6e30d4c02767455	63c21e0b43baa50c1fcb93f2445c6c640b75fab72d24c1ddb6e30d4c02767455	254	254	cpu	unsupported-nvdec-sequence	{"operation":"webp_transcode","sequence":0,"backend":"cpu","decline_reason":"forced-cpu","decoded_format":"cpu-yuv420","nvdec_decode_status":0,"nvdec_decode_status_result":-1,"nvdec_error_concealed":false,"width":17,"height":13,"method":0,"quality":25,"parse_ns":140,"decode_ns":65312,"device_handoff_ns":0,"webp_encode_ns":226078566,"metadata_ns":60,"total_ns":226145211,"images_per_second":4.421938,"decoded_host_to_device_bytes":0,"decoded_device_to_host_bytes":0,"decoded_device_to_device_bytes":0,"verification_psnr_db":-1.000000,"output_bytes":254}	{"operation":"webp_transcode","sequence":0,"backend":"cpu","decline_reason":"unsupported-nvdec-sequence","decoded_format":"cpu-yuv420","nvdec_decode_status":0,"nvdec_decode_status_result":-1,"nvdec_error_concealed":false,"width":17,"height":13,"method":0,"quality":25,"parse_ns":180,"decode_ns":49182,"device_handoff_ns":0,"webp_encode_ns":1466018,"metadata_ns":40,"total_ns":136345372,"images_per_second":7.334316,"decoded_host_to_device_bytes":0,"decoded_device_to_host_bytes":0,"decoded_device_to_device_bytes":0,"verification_psnr_db":-1.000000,"output_bytes":254}
graphic	tiny-17x13	0	75	a28ca6382e7b63ea2187bbc220424d9d907fb46f913871dbbe883e65ba12540f	a28ca6382e7b63ea2187bbc220424d9d907fb46f913871dbbe883e65ba12540f	328	328	cpu	unsupported-nvdec-sequence	{"operation":"webp_transcode","sequence":0,"backend":"cpu","decline_reason":"forced-cpu","decoded_format":"cpu-yuv420","nvdec_decode_status":0,"nvdec_decode_status_result":-1,"nvdec_error_concealed":false,"width":17,"height":13,"method":0,"quality":75,"parse_ns":121,"decode_ns":69169,"device_handoff_ns":0,"webp_encode_ns":143098336,"metadata_ns":130,"total_ns":143168597,"images_per_second":6.984772,"decoded_host_to_device_bytes":0,"decoded_device_to_host_bytes":0,"decoded_device_to_device_bytes":0,"verification_psnr_db":-1.000000,"output_bytes":328}	{"operation":"webp_transcode","sequence":0,"backend":"cpu","decline_reason":"unsupported-nvdec-sequence","decoded_format":"cpu-yuv420","nvdec_decode_status":0,"nvdec_decode_status_result":-1,"nvdec_error_concealed":false,"width":17,"height":13,"method":0,"quality":75,"parse_ns":171,"decode_ns":56456,"device_handoff_ns":0,"webp_encode_ns":1446732,"metadata_ns":51,"total_ns":132528623,"images_per_second":7.545540,"decoded_host_to_device_bytes":0,"decoded_device_to_host_bytes":0,"decoded_device_to_device_bytes":0,"verification_psnr_db":-1.000000,"output_bytes":328}
graphic	tiny-17x13	0	98	485d8ca05c6d60e256e777be28042ba1b12cb9609c86475685656a6451a0e239	485d8ca05c6d60e256e777be28042ba1b12cb9609c86475685656a6451a0e239	428	428	cpu	unsupported-nvdec-sequence	{"operation":"webp_transcode","sequence":0,"backend":"cpu","decline_reason":"forced-cpu","decoded_format":"cpu-yuv420","nvdec_decode_status":0,"nvdec_decode_status_result":-1,"nvdec_error_concealed":false,"width":17,"height":13,"method":0,"quality":98,"parse_ns":180,"decode_ns":68669,"device_handoff_ns":0,"webp_encode_ns":142083500,"metadata_ns":131,"total_ns":142153210,"images_per_second":7.034664,"decoded_host_to_device_bytes":0,"decoded_device_to_host_bytes":0,"decoded_device_to_device_bytes":0,"verification_psnr_db":-1.000000,"output_bytes":428}	{"operation":"webp_transcode","sequence":0,"backend":"cpu","decline_reason":"unsupported-nvdec-sequence","decoded_format":"cpu-yuv420","nvdec_decode_status":0,"nvdec_decode_status_result":-1,"nvdec_error_concealed":false,"width":17,"height":13,"method":0,"quality":98,"parse_ns":221,"decode_ns":49893,"device_handoff_ns":0,"webp_encode_ns":1460568,"metadata_ns":140,"total_ns":136804279,"images_per_second":7.309713,"decoded_host_to_device_bytes":0,"decoded_device_to_host_bytes":0,"decoded_device_to_device_bytes":0,"verification_psnr_db":-1.000000,"output_bytes":428}
graphic	tiny-17x13	1	25	aefe4adf899e5b6d408362b5498b74338953b76354545a250f7a54403c70f933	aefe4adf899e5b6d408362b5498b74338953b76354545a250f7a54403c70f933	258	258	cpu	unsupported-nvdec-sequence	{"operation":"webp_transcode","sequence":0,"backend":"cpu","decline_reason":"forced-cpu","decoded_format":"cpu-yuv420","nvdec_decode_status":0,"nvdec_decode_status_result":-1,"nvdec_error_concealed":false,"width":17,"height":13,"method":1,"quality":25,"parse_ns":450,"decode_ns":59601,"device_handoff_ns":0,"webp_encode_ns":128321344,"metadata_ns":40,"total_ns":128382267,"images_per_second":7.789238,"decoded_host_to_device_bytes":0,"decoded_device_to_host_bytes":0,"decoded_device_to_device_bytes":0,"verification_psnr_db":-1.000000,"output_bytes":258}	{"operation":"webp_transcode","sequence":0,"backend":"cpu","decline_reason":"unsupported-nvdec-sequence","decoded_format":"cpu-yuv420","nvdec_decode_status":0,"nvdec_decode_status_result":-1,"nvdec_error_concealed":false,"width":17,"height":13,"method":1,"quality":25,"parse_ns":220,"decode_ns":49692,"device_handoff_ns":0,"webp_encode_ns":1446261,"metadata_ns":50,"total_ns":131802175,"images_per_second":7.587128,"decoded_host_to_device_bytes":0,"decoded_device_to_host_bytes":0,"decoded_device_to_device_bytes":0,"verification_psnr_db":-1.000000,"output_bytes":258}
graphic	tiny-17x13	1	75	906ca2e57cf96e5026f79af2de7edbbade49c8ab406d0ca511128837342caad6	906ca2e57cf96e5026f79af2de7edbbade49c8ab406d0ca511128837342caad6	328	328	cpu	unsupported-nvdec-sequence	{"operation":"webp_transcode","sequence":0,"backend":"cpu","decline_reason":"forced-cpu","decoded_format":"cpu-yuv420","nvdec_decode_status":0,"nvdec_decode_status_result":-1,"nvdec_error_concealed":false,"width":17,"height":13,"method":1,"quality":75,"parse_ns":140,"decode_ns":61795,"device_handoff_ns":0,"webp_encode_ns":129939426,"metadata_ns":40,"total_ns":130002163,"images_per_second":7.692180,"decoded_host_to_device_bytes":0,"decoded_device_to_host_bytes":0,"decoded_device_to_device_bytes":0,"verification_psnr_db":-1.000000,"output_bytes":328}	{"operation":"webp_transcode","sequence":0,"backend":"cpu","decline_reason":"unsupported-nvdec-sequence","decoded_format":"cpu-yuv420","nvdec_decode_status":0,"nvdec_decode_status_result":-1,"nvdec_error_concealed":false,"width":17,"height":13,"method":1,"quality":75,"parse_ns":160,"decode_ns":52768,"device_handoff_ns":0,"webp_encode_ns":1441924,"metadata_ns":40,"total_ns":129066886,"images_per_second":7.747921,"decoded_host_to_device_bytes":0,"decoded_device_to_host_bytes":0,"decoded_device_to_device_bytes":0,"verification_psnr_db":-1.000000,"output_bytes":328}
graphic	tiny-17x13	1	98	e7a5bedb7d1b9fc482ac59abce03df15c006fc0591fc041c2823fa216474650e	e7a5bedb7d1b9fc482ac59abce03df15c006fc0591fc041c2823fa216474650e	426	426	cpu	unsupported-nvdec-sequence	{"operation":"webp_transcode","sequence":0,"backend":"cpu","decline_reason":"forced-cpu","decoded_format":"cpu-yuv420","nvdec_decode_status":0,"nvdec_decode_status_result":-1,"nvdec_error_concealed":false,"width":17,"height":13,"method":1,"quality":98,"parse_ns":190,"decode_ns":64020,"device_handoff_ns":0,"webp_encode_ns":136101867,"metadata_ns":150,"total_ns":136166978,"images_per_second":7.343924,"decoded_host_to_device_bytes":0,"decoded_device_to_host_bytes":0,"decoded_device_to_device_bytes":0,"verification_psnr_db":-1.000000,"output_bytes":426}	{"operation":"webp_transcode","sequence":0,"backend":"cpu","decline_reason":"unsupported-nvdec-sequence","decoded_format":"cpu-yuv420","nvdec_decode_status":0,"nvdec_decode_status_result":-1,"nvdec_error_concealed":false,"width":17,"height":13,"method":1,"quality":98,"parse_ns":140,"decode_ns":52608,"device_handoff_ns":0,"webp_encode_ns":1410315,"metadata_ns":40,"total_ns":137368623,"images_per_second":7.279683,"decoded_host_to_device_bytes":0,"decoded_device_to_host_bytes":0,"decoded_device_to_device_bytes":0,"verification_psnr_db":-1.000000,"output_bytes":426}
graphic	tiny-17x13	2	25	925646cfc5eaf0845e4878a9e2d68b1b7de497bd94bfcebfc6c15c75e5a2403d	925646cfc5eaf0845e4878a9e2d68b1b7de497bd94bfcebfc6c15c75e5a2403d	184	184	cpu	unsupported-nvdec-sequence	{"operation":"webp_transcode","sequence":0,"backend":"cpu","decline_reason":"forced-cpu","decoded_format":"cpu-yuv420","nvdec_decode_status":0,"nvdec_decode_status_result":-1,"nvdec_error_concealed":false,"width":17,"height":13,"method":2,"quality":25,"parse_ns":180,"decode_ns":59702,"device_handoff_ns":0,"webp_encode_ns":130124562,"metadata_ns":140,"total_ns":130185375,"images_per_second":7.681354,"decoded_host_to_device_bytes":0,"decoded_device_to_host_bytes":0,"decoded_device_to_device_bytes":0,"verification_psnr_db":-1.000000,"output_bytes":184}	{"operation":"webp_transcode","sequence":0,"backend":"cpu","decline_reason":"unsupported-nvdec-sequence","decoded_format":"cpu-yuv420","nvdec_decode_status":0,"nvdec_decode_status_result":-1,"nvdec_error_concealed":false,"width":17,"height":13,"method":2,"quality":25,"parse_ns":150,"decode_ns":49964,"device_handoff_ns":0,"webp_encode_ns":1403131,"metadata_ns":40,"total_ns":130740552,"images_per_second":7.648736,"decoded_host_to_device_bytes":0,"decoded_device_to_host_bytes":0,"decoded_device_to_device_bytes":0,"verification_psnr_db":-1.000000,"output_bytes":184}
graphic	tiny-17x13	2	75	39f2fbd27a0e7dfe83d38ab843ecedc46b07516fc621cc54cf1aa86e5e4154e5	39f2fbd27a0e7dfe83d38ab843ecedc46b07516fc621cc54cf1aa86e5e4154e5	264	264	cpu	unsupported-nvdec-sequence	{"operation":"webp_transcode","sequence":0,"backend":"cpu","decline_reason":"forced-cpu","decoded_format":"cpu-yuv420","nvdec_decode_status":0,"nvdec_decode_status_result":-1,"nvdec_error_concealed":false,"width":17,"height":13,"method":2,"quality":75,"parse_ns":190,"decode_ns":59983,"device_handoff_ns":0,"webp_encode_ns":135209660,"metadata_ns":40,"total_ns":135270614,"images_per_second":7.392589,"decoded_host_to_device_bytes":0,"decoded_device_to_host_bytes":0,"decoded_device_to_device_bytes":0,"verification_psnr_db":-1.000000,"output_bytes":264}	{"operation":"webp_transcode","sequence":0,"backend":"cpu","decline_reason":"unsupported-nvdec-sequence","decoded_format":"cpu-yuv420","nvdec_decode_status":0,"nvdec_decode_status_result":-1,"nvdec_error_concealed":false,"width":17,"height":13,"method":2,"quality":75,"parse_ns":141,"decode_ns":56726,"device_handoff_ns":0,"webp_encode_ns":1421546,"metadata_ns":40,"total_ns":134378268,"images_per_second":7.441679,"decoded_host_to_device_bytes":0,"decoded_device_to_host_bytes":0,"decoded_device_to_device_bytes":0,"verification_psnr_db":-1.000000,"output_bytes":264}
graphic	tiny-17x13	2	98	64a05f0c48cf4fe0b1076eda94aa79ea920bf59103d76d6f9a1413f6c3844c21	64a05f0c48cf4fe0b1076eda94aa79ea920bf59103d76d6f9a1413f6c3844c21	422	422	cpu	unsupported-nvdec-sequence	{"operation":"webp_transcode","sequence":0,"backend":"cpu","decline_reason":"forced-cpu","decoded_format":"cpu-yuv420","nvdec_decode_status":0,"nvdec_decode_status_result":-1,"nvdec_error_concealed":false,"width":17,"height":13,"method":2,"quality":98,"parse_ns":150,"decode_ns":65993,"device_handoff_ns":0,"webp_encode_ns":130755240,"metadata_ns":30,"total_ns":130822175,"images_per_second":7.643964,"decoded_host_to_device_bytes":0,"decoded_device_to_host_bytes":0,"decoded_device_to_device_bytes":0,"verification_psnr_db":-1.000000,"output_bytes":422}	{"operation":"webp_transcode","sequence":0,"backend":"cpu","decline_reason":"unsupported-nvdec-sequence","decoded_format":"cpu-yuv420","nvdec_decode_status":0,"nvdec_decode_status_result":-1,"nvdec_error_concealed":false,"width":17,"height":13,"method":2,"quality":98,"parse_ns":200,"decode_ns":45756,"device_handoff_ns":0,"webp_encode_ns":1450319,"metadata_ns":40,"total_ns":133747629,"images_per_second":7.476768,"decoded_host_to_device_bytes":0,"decoded_device_to_host_bytes":0,"decoded_device_to_device_bytes":0,"verification_psnr_db":-1.000000,"output_bytes":422}
graphic	tiny-17x13	3	25	254b6b9ce85d7e6a76a34dc105f101bda24104dcd98b1acb1b518e7510e71709	254b6b9ce85d7e6a76a34dc105f101bda24104dcd98b1acb1b518e7510e71709	176	176	cpu	unsupported-nvdec-sequence	{"operation":"webp_transcode","sequence":0,"backend":"cpu","decline_reason":"forced-cpu","decoded_format":"cpu-yuv420","nvdec_decode_status":0,"nvdec_decode_status_result":-1,"nvdec_error_concealed":false,"width":17,"height":13,"method":3,"quality":25,"parse_ns":150,"decode_ns":57728,"device_handoff_ns":0,"webp_encode_ns":137579226,"metadata_ns":40,"total_ns":137637846,"images_per_second":7.265444,"decoded_host_to_device_bytes":0,"decoded_device_to_host_bytes":0,"decoded_device_to_device_bytes":0,"verification_psnr_db":-1.000000,"output_bytes":176}	{"operation":"webp_transcode","sequence":0,"backend":"cpu","decline_reason":"unsupported-nvdec-sequence","decoded_format":"cpu-yuv420","nvdec_decode_status":0,"nvdec_decode_status_result":-1,"nvdec_error_concealed":false,"width":17,"height":13,"method":3,"quality":25,"parse_ns":140,"decode_ns":53509,"device_handoff_ns":0,"webp_encode_ns":2587484,"metadata_ns":40,"total_ns":130692352,"images_per_second":7.651557,"decoded_host_to_device_bytes":0,"decoded_device_to_host_bytes":0,"decoded_device_to_device_bytes":0,"verification_psnr_db":-1.000000,"output_bytes":176}
graphic	tiny-17x13	3	75	7d49cd10161fa22b1e2dcc7b1cd0edb0299f49d286a53b5ad5eea00b61aa8cb3	7d49cd10161fa22b1e2dcc7b1cd0edb0299f49d286a53b5ad5eea00b61aa8cb3	260	260	cpu	unsupported-nvdec-sequence	{"operation":"webp_transcode","sequence":0,"backend":"cpu","decline_reason":"forced-cpu","decoded_format":"cpu-yuv420","nvdec_decode_status":0,"nvdec_decode_status_result":-1,"nvdec_error_concealed":false,"width":17,"height":13,"method":3,"quality":75,"parse_ns":180,"decode_ns":57728,"device_handoff_ns":0,"webp_encode_ns":131913383,"metadata_ns":40,"total_ns":131971913,"images_per_second":7.577370,"decoded_host_to_device_bytes":0,"decoded_device_to_host_bytes":0,"decoded_device_to_device_bytes":0,"verification_psnr_db":-1.000000,"output_bytes":260}	{"operation":"webp_transcode","sequence":0,"backend":"cpu","decline_reason":"unsupported-nvdec-sequence","decoded_format":"cpu-yuv420","nvdec_decode_status":0,"nvdec_decode_status_result":-1,"nvdec_error_concealed":false,"width":17,"height":13,"method":3,"quality":75,"parse_ns":180,"decode_ns":56255,"device_handoff_ns":0,"webp_encode_ns":2656232,"metadata_ns":40,"total_ns":129024046,"images_per_second":7.750493,"decoded_host_to_device_bytes":0,"decoded_device_to_host_bytes":0,"decoded_device_to_device_bytes":0,"verification_psnr_db":-1.000000,"output_bytes":260}
graphic	tiny-17x13	3	98	47ad6d3b50fc8a181259eed22e1e7d9ac678b7da9a0e969032d4f6a76e9ecb45	47ad6d3b50fc8a181259eed22e1e7d9ac678b7da9a0e969032d4f6a76e9ecb45	410	410	cpu	unsupported-nvdec-sequence	{"operation":"webp_transcode","sequence":0,"backend":"cpu","decline_reason":"forced-cpu","decoded_format":"cpu-yuv420","nvdec_decode_status":0,"nvdec_decode_status_result":-1,"nvdec_error_concealed":false,"width":17,"height":13,"method":3,"quality":98,"parse_ns":181,"decode_ns":62667,"device_handoff_ns":0,"webp_encode_ns":137275379,"metadata_ns":90,"total_ns":137338908,"images_per_second":7.281258,"decoded_host_to_device_bytes":0,"decoded_device_to_host_bytes":0,"decoded_device_to_device_bytes":0,"verification_psnr_db":-1.000000,"output_bytes":410}	{"operation":"webp_transcode","sequence":0,"backend":"cpu","decline_reason":"unsupported-nvdec-sequence","decoded_format":"cpu-yuv420","nvdec_decode_status":0,"nvdec_decode_status_result":-1,"nvdec_error_concealed":false,"width":17,"height":13,"method":3,"quality":98,"parse_ns":211,"decode_ns":45936,"device_handoff_ns":0,"webp_encode_ns":2682200,"metadata_ns":40,"total_ns":130354391,"images_per_second":7.671395,"decoded_host_to_device_bytes":0,"decoded_device_to_host_bytes":0,"decoded_device_to_device_bytes":0,"verification_psnr_db":-1.000000,"output_bytes":410}
graphic	tiny-17x13	4	25	dc0144648f1ac396365b975840ded7a4154896c0df12c2d953f1abc71ea9610c	dc0144648f1ac396365b975840ded7a4154896c0df12c2d953f1abc71ea9610c	174	174	cpu	unsupported-nvdec-sequence	{"operation":"webp_transcode","sequence":0,"backend":"cpu","decline_reason":"forced-cpu","decoded_format":"cpu-yuv420","nvdec_decode_status":0,"nvdec_decode_status_result":-1,"nvdec_error_concealed":false,"width":17,"height":13,"method":4,"quality":25,"parse_ns":190,"decode_ns":67295,"device_handoff_ns":0,"webp_encode_ns":138362981,"metadata_ns":40,"total_ns":138431127,"images_per_second":7.223809,"decoded_host_to_device_bytes":0,"decoded_device_to_host_bytes":0,"decoded_device_to_device_bytes":0,"verification_psnr_db":-1.000000,"output_bytes":174}	{"operation":"webp_transcode","sequence":0,"backend":"cpu","decline_reason":"unsupported-nvdec-sequence","decoded_format":"cpu-yuv420","nvdec_decode_status":0,"nvdec_decode_status_result":-1,"nvdec_error_concealed":false,"width":17,"height":13,"method":4,"quality":25,"parse_ns":181,"decode_ns":46136,"device_handoff_ns":0,"webp_encode_ns":2618611,"metadata_ns":51,"total_ns":130241561,"images_per_second":7.678041,"decoded_host_to_device_bytes":0,"decoded_device_to_host_bytes":0,"decoded_device_to_device_bytes":0,"verification_psnr_db":-1.000000,"output_bytes":174}
graphic	tiny-17x13	4	75	7d49cd10161fa22b1e2dcc7b1cd0edb0299f49d286a53b5ad5eea00b61aa8cb3	7d49cd10161fa22b1e2dcc7b1cd0edb0299f49d286a53b5ad5eea00b61aa8cb3	260	260	cpu	unsupported-nvdec-sequence	{"operation":"webp_transcode","sequence":0,"backend":"cpu","decline_reason":"forced-cpu","decoded_format":"cpu-yuv420","nvdec_decode_status":0,"nvdec_decode_status_result":-1,"nvdec_error_concealed":false,"width":17,"height":13,"method":4,"quality":75,"parse_ns":120,"decode_ns":63568,"device_handoff_ns":0,"webp_encode_ns":131167310,"metadata_ns":70,"total_ns":131231670,"images_per_second":7.620112,"decoded_host_to_device_bytes":0,"decoded_device_to_host_bytes":0,"decoded_device_to_device_bytes":0,"verification_psnr_db":-1.000000,"output_bytes":260}	{"operation":"webp_transcode","sequence":0,"backend":"cpu","decline_reason":"unsupported-nvdec-sequence","decoded_format":"cpu-yuv420","nvdec_decode_status":0,"nvdec_decode_status_result":-1,"nvdec_error_concealed":false,"width":17,"height":13,"method":4,"quality":75,"parse_ns":151,"decode_ns":53019,"device_handoff_ns":0,"webp_encode_ns":2638528,"metadata_ns":40,"total_ns":135528566,"images_per_second":7.378518,"decoded_host_to_device_bytes":0,"decoded_device_to_host_bytes":0,"decoded_device_to_device_bytes":0,"verification_psnr_db":-1.000000,"output_bytes":260}
graphic	tiny-17x13	4	98	47ad6d3b50fc8a181259eed22e1e7d9ac678b7da9a0e969032d4f6a76e9ecb45	47ad6d3b50fc8a181259eed22e1e7d9ac678b7da9a0e969032d4f6a76e9ecb45	410	410	cpu	unsupported-nvdec-sequence	{"operation":"webp_transcode","sequence":0,"backend":"cpu","decline_reason":"forced-cpu","decoded_format":"cpu-yuv420","nvdec_decode_status":0,"nvdec_decode_status_result":-1,"nvdec_error_concealed":false,"width":17,"height":13,"method":4,"quality":98,"parse_ns":140,"decode_ns":63528,"device_handoff_ns":0,"webp_encode_ns":131450238,"metadata_ns":90,"total_ns":131514648,"images_per_second":7.603716,"decoded_host_to_device_bytes":0,"decoded_device_to_host_bytes":0,"decoded_device_to_device_bytes":0,"verification_psnr_db":-1.000000,"output_bytes":410}	{"operation":"webp_transcode","sequence":0,"backend":"cpu","decline_reason":"unsupported-nvdec-sequence","decoded_format":"cpu-yuv420","nvdec_decode_status":0,"nvdec_decode_status_result":-1,"nvdec_error_concealed":false,"width":17,"height":13,"method":4,"quality":98,"parse_ns":140,"decode_ns":46096,"device_handoff_ns":0,"webp_encode_ns":2652855,"metadata_ns":40,"total_ns":130026358,"images_per_second":7.690748,"decoded_host_to_device_bytes":0,"decoded_device_to_host_bytes":0,"decoded_device_to_device_bytes":0,"verification_psnr_db":-1.000000,"output_bytes":410}
graphic	tiny-17x13	5	25	256d17d717f8d89d9e1f06913b157066201ca1aeef2147981637faab5d76d9c7	256d17d717f8d89d9e1f06913b157066201ca1aeef2147981637faab5d76d9c7	162	162	cpu	unsupported-nvdec-sequence	{"operation":"webp_transcode","sequence":0,"backend":"cpu","decline_reason":"forced-cpu","decoded_format":"cpu-yuv420","nvdec_decode_status":0,"nvdec_decode_status_result":-1,"nvdec_error_concealed":false,"width":17,"height":13,"method":5,"quality":25,"parse_ns":190,"decode_ns":61535,"device_handoff_ns":0,"webp_encode_ns":135587386,"metadata_ns":40,"total_ns":135649983,"images_per_second":7.371914,"decoded_host_to_device_bytes":0,"decoded_device_to_host_bytes":0,"decoded_device_to_device_bytes":0,"verification_psnr_db":-1.000000,"output_bytes":162}	{"operation":"webp_transcode","sequence":0,"backend":"cpu","decline_reason":"unsupported-nvdec-sequence","decoded_format":"cpu-yuv420","nvdec_decode_status":0,"nvdec_decode_status_result":-1,"nvdec_error_concealed":false,"width":17,"height":13,"method":5,"quality":25,"parse_ns":131,"decode_ns":49533,"device_handoff_ns":0,"webp_encode_ns":2759635,"metadata_ns":40,"total_ns":130705637,"images_per_second":7.650779,"decoded_host_to_device_bytes":0,"decoded_device_to_host_bytes":0,"decoded_device_to_device_bytes":0,"verification_psnr_db":-1.000000,"output_bytes":162}
graphic	tiny-17x13	5	75	a03abb437d3b4be4fb2700dacfc7797b81c14c7d25ec8efeb817be78d94dce86	a03abb437d3b4be4fb2700dacfc7797b81c14c7d25ec8efeb817be78d94dce86	256	256	cpu	unsupported-nvdec-sequence	{"operation":"webp_transcode","sequence":0,"backend":"cpu","decline_reason":"forced-cpu","decoded_format":"cpu-yuv420","nvdec_decode_status":0,"nvdec_decode_status_result":-1,"nvdec_error_concealed":false,"width":17,"height":13,"method":5,"quality":75,"parse_ns":190,"decode_ns":57206,"device_handoff_ns":0,"webp_encode_ns":138715239,"metadata_ns":91,"total_ns":138773407,"images_per_second":7.205992,"decoded_host_to_device_bytes":0,"decoded_device_to_host_bytes":0,"decoded_device_to_device_bytes":0,"verification_psnr_db":-1.000000,"output_bytes":256}	{"operation":"webp_transcode","sequence":0,"backend":"cpu","decline_reason":"unsupported-nvdec-sequence","decoded_format":"cpu-yuv420","nvdec_decode_status":0,"nvdec_decode_status_result":-1,"nvdec_error_concealed":false,"width":17,"height":13,"method":5,"quality":75,"parse_ns":140,"decode_ns":45976,"device_handoff_ns":0,"webp_encode_ns":2796814,"metadata_ns":40,"total_ns":130897907,"images_per_second":7.639542,"decoded_host_to_device_bytes":0,"decoded_device_to_host_bytes":0,"decoded_device_to_device_bytes":0,"verification_psnr_db":-1.000000,"output_bytes":256}
graphic	tiny-17x13	5	98	f17b57c3b5068d8bd738c4ec1d2a69a789adab316f5c5b8360b0d1206dd959ad	f17b57c3b5068d8bd738c4ec1d2a69a789adab316f5c5b8360b0d1206dd959ad	414	414	cpu	unsupported-nvdec-sequence	{"operation":"webp_transcode","sequence":0,"backend":"cpu","decline_reason":"forced-cpu","decoded_format":"cpu-yuv420","nvdec_decode_status":0,"nvdec_decode_status_result":-1,"nvdec_error_concealed":false,"width":17,"height":13,"method":5,"quality":98,"parse_ns":171,"decode_ns":61114,"device_handoff_ns":0,"webp_encode_ns":130281826,"metadata_ns":40,"total_ns":130343862,"images_per_second":7.672015,"decoded_host_to_device_bytes":0,"decoded_device_to_host_bytes":0,"decoded_device_to_device_bytes":0,"verification_psnr_db":-1.000000,"output_bytes":414}	{"operation":"webp_transcode","sequence":0,"backend":"cpu","decline_reason":"unsupported-nvdec-sequence","decoded_format":"cpu-yuv420","nvdec_decode_status":0,"nvdec_decode_status_result":-1,"nvdec_error_concealed":false,"width":17,"height":13,"method":5,"quality":98,"parse_ns":221,"decode_ns":51897,"device_handoff_ns":0,"webp_encode_ns":2824907,"metadata_ns":40,"total_ns":130175567,"images_per_second":7.681933,"decoded_host_to_device_bytes":0,"decoded_device_to_host_bytes":0,"decoded_device_to_device_bytes":0,"verification_psnr_db":-1.000000,"output_bytes":414}
graphic	tiny-17x13	6	25	dda887e39b094b1a801907d1a62144ecd205eaa86fdd955cbef39cb33bcad685	dda887e39b094b1a801907d1a62144ecd205eaa86fdd955cbef39cb33bcad685	160	160	cpu	unsupported-nvdec-sequence	{"operation":"webp_transcode","sequence":0,"backend":"cpu","decline_reason":"forced-cpu","decoded_format":"cpu-yuv420","nvdec_decode_status":0,"nvdec_decode_status_result":-1,"nvdec_error_concealed":false,"width":17,"height":13,"method":6,"quality":25,"parse_ns":150,"decode_ns":57958,"device_handoff_ns":0,"webp_encode_ns":137015864,"metadata_ns":40,"total_ns":137074814,"images_per_second":7.295286,"decoded_host_to_device_bytes":0,"decoded_device_to_host_bytes":0,"decoded_device_to_device_bytes":0,"verification_psnr_db":-1.000000,"output_bytes":160}	{"operation":"webp_transcode","sequence":0,"backend":"cpu","decline_reason":"unsupported-nvdec-sequence","decoded_format":"cpu-yuv420","nvdec_decode_status":0,"nvdec_decode_status_result":-1,"nvdec_error_concealed":false,"width":17,"height":13,"method":6,"quality":25,"parse_ns":150,"decode_ns":51205,"device_handoff_ns":0,"webp_encode_ns":2893856,"metadata_ns":40,"total_ns":132865451,"images_per_second":7.526411,"decoded_host_to_device_bytes":0,"decoded_device_to_host_bytes":0,"decoded_device_to_device_bytes":0,"verification_psnr_db":-1.000000,"output_bytes":160}
graphic	tiny-17x13	6	75	b4345471257e8c35b03c417b0498a014b7757a034d3904120507639960401a4b	b4345471257e8c35b03c417b0498a014b7757a034d3904120507639960401a4b	256	256	cpu	unsupported-nvdec-sequence	{"operation":"webp_transcode","sequence":0,"backend":"cpu","decline_reason":"forced-cpu","decoded_format":"cpu-yuv420","nvdec_decode_status":0,"nvdec_decode_status_result":-1,"nvdec_error_concealed":false,"width":17,"height":13,"method":6,"quality":75,"parse_ns":151,"decode_ns":63779,"device_handoff_ns":0,"webp_encode_ns":130385399,"metadata_ns":81,"total_ns":130450070,"images_per_second":7.665768,"decoded_host_to_device_bytes":0,"decoded_device_to_host_bytes":0,"decoded_device_to_device_bytes":0,"verification_psnr_db":-1.000000,"output_bytes":256}	{"operation":"webp_transcode","sequence":0,"backend":"cpu","decline_reason":"unsupported-nvdec-sequence","decoded_format":"cpu-yuv420","nvdec_decode_status":0,"nvdec_decode_status_result":-1,"nvdec_error_concealed":false,"width":17,"height":13,"method":6,"quality":75,"parse_ns":141,"decode_ns":58440,"device_handoff_ns":0,"webp_encode_ns":3003430,"metadata_ns":50,"total_ns":130558843,"images_per_second":7.659382,"decoded_host_to_device_bytes":0,"decoded_device_to_host_bytes":0,"decoded_device_to_device_bytes":0,"verification_psnr_db":-1.000000,"output_bytes":256}
graphic	tiny-17x13	6	98	47ad6d3b50fc8a181259eed22e1e7d9ac678b7da9a0e969032d4f6a76e9ecb45	47ad6d3b50fc8a181259eed22e1e7d9ac678b7da9a0e969032d4f6a76e9ecb45	410	410	cpu	unsupported-nvdec-sequence	{"operation":"webp_transcode","sequence":0,"backend":"cpu","decline_reason":"forced-cpu","decoded_format":"cpu-yuv420","nvdec_decode_status":0,"nvdec_decode_status_result":-1,"nvdec_error_concealed":false,"width":17,"height":13,"method":6,"quality":98,"parse_ns":201,"decode_ns":60182,"device_handoff_ns":0,"webp_encode_ns":131258120,"metadata_ns":90,"total_ns":131319244,"images_per_second":7.615030,"decoded_host_to_device_bytes":0,"decoded_device_to_host_bytes":0,"decoded_device_to_device_bytes":0,"verification_psnr_db":-1.000000,"output_bytes":410}	{"operation":"webp_transcode","sequence":0,"backend":"cpu","decline_reason":"unsupported-nvdec-sequence","decoded_format":"cpu-yuv420","nvdec_decode_status":0,"nvdec_decode_status_result":-1,"nvdec_error_concealed":false,"width":17,"height":13,"method":6,"quality":98,"parse_ns":241,"decode_ns":49743,"device_handoff_ns":0,"webp_encode_ns":2949299,"metadata_ns":40,"total_ns":130487991,"images_per_second":7.663540,"decoded_host_to_device_bytes":0,"decoded_device_to_host_bytes":0,"decoded_device_to_device_bytes":0,"verification_psnr_db":-1.000000,"output_bytes":410}
graphic	odd-257x255	0	25	85a4aa979416d2d02ee952b0b63dd7c592b22d0ab54daec0f8042f6c76c94ec2	85a4aa979416d2d02ee952b0b63dd7c592b22d0ab54daec0f8042f6c76c94ec2	5298	5298	cpu	unsupported-nvdec-sequence	{"operation":"webp_transcode","sequence":0,"backend":"cpu","decline_reason":"forced-cpu","decoded_format":"cpu-yuv420","nvdec_decode_status":0,"nvdec_decode_status_result":-1,"nvdec_error_concealed":false,"width":257,"height":255,"method":0,"quality":25,"parse_ns":180,"decode_ns":556469,"device_handoff_ns":0,"webp_encode_ns":129632312,"metadata_ns":40,"total_ns":130189753,"images_per_second":7.681096,"decoded_host_to_device_bytes":0,"decoded_device_to_host_bytes":0,"decoded_device_to_device_bytes":0,"verification_psnr_db":-1.000000,"output_bytes":5298}	{"operation":"webp_transcode","sequence":0,"backend":"cpu","decline_reason":"unsupported-nvdec-sequence","decoded_format":"cpu-yuv420","nvdec_decode_status":0,"nvdec_decode_status_result":-1,"nvdec_error_concealed":false,"width":257,"height":255,"method":0,"quality":25,"parse_ns":181,"decode_ns":566308,"device_handoff_ns":0,"webp_encode_ns":2129789,"metadata_ns":40,"total_ns":130681532,"images_per_second":7.652191,"decoded_host_to_device_bytes":0,"decoded_device_to_host_bytes":0,"decoded_device_to_device_bytes":0,"verification_psnr_db":-1.000000,"output_bytes":5298}
graphic	odd-257x255	0	75	8c4c76445b461ad07a8cc1c27f653da2319fd05d09f705771dae035a9c485ed6	8c4c76445b461ad07a8cc1c27f653da2319fd05d09f705771dae035a9c485ed6	7636	7636	cpu	unsupported-nvdec-sequence	{"operation":"webp_transcode","sequence":0,"backend":"cpu","decline_reason":"forced-cpu","decoded_format":"cpu-yuv420","nvdec_decode_status":0,"nvdec_decode_status_result":-1,"nvdec_error_concealed":false,"width":257,"height":255,"method":0,"quality":75,"parse_ns":120,"decode_ns":567049,"device_handoff_ns":0,"webp_encode_ns":149143617,"metadata_ns":40,"total_ns":149711478,"images_per_second":6.679515,"decoded_host_to_device_bytes":0,"decoded_device_to_host_bytes":0,"decoded_device_to_device_bytes":0,"verification_psnr_db":-1.000000,"output_bytes":7636}	{"operation":"webp_transcode","sequence":0,"backend":"cpu","decline_reason":"unsupported-nvdec-sequence","decoded_format":"cpu-yuv420","nvdec_decode_status":0,"nvdec_decode_status_result":-1,"nvdec_error_concealed":false,"width":257,"height":255,"method":0,"quality":75,"parse_ns":431,"decode_ns":537244,"device_handoff_ns":0,"webp_encode_ns":2234293,"metadata_ns":40,"total_ns":129438730,"images_per_second":7.725663,"decoded_host_to_device_bytes":0,"decoded_device_to_host_bytes":0,"decoded_device_to_device_bytes":0,"verification_psnr_db":-1.000000,"output_bytes":7636}
graphic	odd-257x255	0	98	b8506137ab003c0fa10daf87ea566d4dcc80da059dbb6eacb16b8ab49c6d9fda	b8506137ab003c0fa10daf87ea566d4dcc80da059dbb6eacb16b8ab49c6d9fda	8990	8990	cpu	unsupported-nvdec-sequence	{"operation":"webp_transcode","sequence":0,"backend":"cpu","decline_reason":"forced-cpu","decoded_format":"cpu-yuv420","nvdec_decode_status":0,"nvdec_decode_status_result":-1,"nvdec_error_concealed":false,"width":257,"height":255,"method":0,"quality":98,"parse_ns":140,"decode_ns":564224,"device_handoff_ns":0,"webp_encode_ns":135564072,"metadata_ns":50,"total_ns":136129247,"images_per_second":7.345960,"decoded_host_to_device_bytes":0,"decoded_device_to_host_bytes":0,"decoded_device_to_device_bytes":0,"verification_psnr_db":-1.000000,"output_bytes":8990}	{"operation":"webp_transcode","sequence":0,"backend":"cpu","decline_reason":"unsupported-nvdec-sequence","decoded_format":"cpu-yuv420","nvdec_decode_status":0,"nvdec_decode_status_result":-1,"nvdec_error_concealed":false,"width":257,"height":255,"method":0,"quality":98,"parse_ns":191,"decode_ns":537595,"device_handoff_ns":0,"webp_encode_ns":2640071,"metadata_ns":40,"total_ns":130730794,"images_per_second":7.649307,"decoded_host_to_device_bytes":0,"decoded_device_to_host_bytes":0,"decoded_device_to_device_bytes":0,"verification_psnr_db":-1.000000,"output_bytes":8990}
graphic	odd-257x255	1	25	2a9f062bf31e4411f8de13207a0fd7c7411ab0a0a452f2c0fb8060dc7999770a	2a9f062bf31e4411f8de13207a0fd7c7411ab0a0a452f2c0fb8060dc7999770a	4546	4546	cpu	unsupported-nvdec-sequence	{"operation":"webp_transcode","sequence":0,"backend":"cpu","decline_reason":"forced-cpu","decoded_format":"cpu-yuv420","nvdec_decode_status":0,"nvdec_decode_status_result":-1,"nvdec_error_concealed":false,"width":257,"height":255,"method":1,"quality":25,"parse_ns":120,"decode_ns":531693,"device_handoff_ns":0,"webp_encode_ns":134886095,"metadata_ns":100,"total_ns":135418760,"images_per_second":7.384501,"decoded_host_to_device_bytes":0,"decoded_device_to_host_bytes":0,"decoded_device_to_device_bytes":0,"verification_psnr_db":-1.000000,"output_bytes":4546}	{"operation":"webp_transcode","sequence":0,"backend":"cpu","decline_reason":"unsupported-nvdec-sequence","decoded_format":"cpu-yuv420","nvdec_decode_status":0,"nvdec_decode_status_result":-1,"nvdec_error_concealed":false,"width":257,"height":255,"method":1,"quality":25,"parse_ns":140,"decode_ns":546912,"device_handoff_ns":0,"webp_encode_ns":2343587,"metadata_ns":50,"total_ns":130253483,"images_per_second":7.677338,"decoded_host_to_device_bytes":0,"decoded_device_to_host_bytes":0,"decoded_device_to_device_bytes":0,"verification_psnr_db":-1.000000,"output_bytes":4546}
graphic	odd-257x255	1	75	77a90fbc2cd5253c6a4c22d31d4300200b790c1af80d82582327879ef28f646f	77a90fbc2cd5253c6a4c22d31d4300200b790c1af80d82582327879ef28f646f	6630	6630	cpu	unsupported-nvdec-sequence	{"operation":"webp_transcode","sequence":0,"backend":"cpu","decline_reason":"forced-cpu","decoded_format":"cpu-yuv420","nvdec_decode_status":0,"nvdec_decode_status_result":-1,"nvdec_error_concealed":false,"width":257,"height":255,"method":1,"quality":75,"parse_ns":140,"decode_ns":569824,"device_handoff_ns":0,"webp_encode_ns":134987405,"metadata_ns":40,"total_ns":135558311,"images_per_second":7.376899,"decoded_host_to_device_bytes":0,"decoded_device_to_host_bytes":0,"decoded_device_to_device_bytes":0,"verification_psnr_db":-1.000000,"output_bytes":6630}	{"operation":"webp_transcode","sequence":0,"backend":"cpu","decline_reason":"unsupported-nvdec-sequence","decoded_format":"cpu-yuv420","nvdec_decode_status":0,"nvdec_decode_status_result":-1,"nvdec_error_concealed":false,"width":257,"height":255,"method":1,"quality":75,"parse_ns":120,"decode_ns":538787,"device_handoff_ns":0,"webp_encode_ns":2660930,"metadata_ns":41,"total_ns":134926151,"images_per_second":7.411462,"decoded_host_to_device_bytes":0,"decoded_device_to_host_bytes":0,"decoded_device_to_device_bytes":0,"verification_psnr_db":-1.000000,"output_bytes":6630}
graphic	odd-257x255	1	98	7d30c918c24231f79fcbcf9ba783473bc5f731ab931a5c29acb95c558391ff44	7d30c918c24231f79fcbcf9ba783473bc5f731ab931a5c29acb95c558391ff44	8148	8148	cpu	unsupported-nvdec-sequence	{"operation":"webp_transcode","sequence":0,"backend":"cpu","decline_reason":"forced-cpu","decoded_format":"cpu-yuv420","nvdec_decode_status":0,"nvdec_decode_status_result":-1,"nvdec_error_concealed":false,"width":257,"height":255,"method":1,"quality":98,"parse_ns":180,"decode_ns":558133,"device_handoff_ns":0,"webp_encode_ns":130856608,"metadata_ns":130,"total_ns":131415743,"images_per_second":7.609438,"decoded_host_to_device_bytes":0,"decoded_device_to_host_bytes":0,"decoded_device_to_device_bytes":0,"verification_psnr_db":-1.000000,"output_bytes":8148}	{"operation":"webp_transcode","sequence":0,"backend":"cpu","decline_reason":"unsupported-nvdec-sequence","decoded_format":"cpu-yuv420","nvdec_decode_status":0,"nvdec_decode_status_result":-1,"nvdec_error_concealed":false,"width":257,"height":255,"method":1,"quality":98,"parse_ns":140,"decode_ns":527325,"device_handoff_ns":0,"webp_encode_ns":3225745,"metadata_ns":50,"total_ns":130619386,"images_per_second":7.655831,"decoded_host_to_device_bytes":0,"decoded_device_to_host_bytes":0,"decoded_device_to_device_bytes":0,"verification_psnr_db":-1.000000,"output_bytes":8148}
graphic	odd-257x255	2	25	289a2015a83f5698def1b86de99b0fd50ada29be48507cf8ec00ba20fdf2d691	289a2015a83f5698def1b86de99b0fd50ada29be48507cf8ec00ba20fdf2d691	3634	3634	cpu	unsupported-nvdec-sequence	{"operation":"webp_transcode","sequence":0,"backend":"cpu","decline_reason":"forced-cpu","decoded_format":"cpu-yuv420","nvdec_decode_status":0,"nvdec_decode_status_result":-1,"nvdec_error_concealed":false,"width":257,"height":255,"method":2,"quality":25,"parse_ns":150,"decode_ns":571057,"device_handoff_ns":0,"webp_encode_ns":135869563,"metadata_ns":40,"total_ns":136441621,"images_per_second":7.329142,"decoded_host_to_device_bytes":0,"decoded_device_to_host_bytes":0,"decoded_device_to_device_bytes":0,"verification_psnr_db":-1.000000,"output_bytes":3634}	{"operation":"webp_transcode","sequence":0,"backend":"cpu","decline_reason":"unsupported-nvdec-sequence","decoded_format":"cpu-yuv420","nvdec_decode_status":0,"nvdec_decode_status_result":-1,"nvdec_error_concealed":false,"width":257,"height":255,"method":2,"quality":25,"parse_ns":140,"decode_ns":552983,"device_handoff_ns":0,"webp_encode_ns":2560092,"metadata_ns":50,"total_ns":131657675,"images_per_second":7.595455,"decoded_host_to_device_bytes":0,"decoded_device_to_host_bytes":0,"decoded_device_to_device_bytes":0,"verification_psnr_db":-1.000000,"output_bytes":3634}
graphic	odd-257x255	2	75	1c383524c46ffab1c94a4450250d7d9fceeef047cd2b4b44afe9ae78f016a040	1c383524c46ffab1c94a4450250d7d9fceeef047cd2b4b44afe9ae78f016a040	5112	5112	cpu	unsupported-nvdec-sequence	{"operation":"webp_transcode","sequence":0,"backend":"cpu","decline_reason":"forced-cpu","decoded_format":"cpu-yuv420","nvdec_decode_status":0,"nvdec_decode_status_result":-1,"nvdec_error_concealed":false,"width":257,"height":255,"method":2,"quality":75,"parse_ns":141,"decode_ns":549466,"device_handoff_ns":0,"webp_encode_ns":137414018,"metadata_ns":40,"total_ns":137964466,"images_per_second":7.248243,"decoded_host_to_device_bytes":0,"decoded_device_to_host_bytes":0,"decoded_device_to_device_bytes":0,"verification_psnr_db":-1.000000,"output_bytes":5112}	{"operation":"webp_transcode","sequence":0,"backend":"cpu","decline_reason":"unsupported-nvdec-sequence","decoded_format":"cpu-yuv420","nvdec_decode_status":0,"nvdec_decode_status_result":-1,"nvdec_error_concealed":false,"width":257,"height":255,"method":2,"quality":75,"parse_ns":141,"decode_ns":546741,"device_handoff_ns":0,"webp_encode_ns":2742393,"metadata_ns":40,"total_ns":131866656,"images_per_second":7.583418,"decoded_host_to_device_bytes":0,"decoded_device_to_host_bytes":0,"decoded_device_to_device_bytes":0,"verification_psnr_db":-1.000000,"output_bytes":5112}
graphic	odd-257x255	2	98	eee8f776f71fc2763ab988c56777578bfd185d1f67269d6b43936eacda0a79cc	eee8f776f71fc2763ab988c56777578bfd185d1f67269d6b43936eacda0a79cc	8064	8064	cpu	unsupported-nvdec-sequence	{"operation":"webp_transcode","sequence":0,"backend":"cpu","decline_reason":"forced-cpu","decoded_format":"cpu-yuv420","nvdec_decode_status":0,"nvdec_decode_status_result":-1,"nvdec_error_concealed":false,"width":257,"height":255,"method":2,"quality":98,"parse_ns":140,"decode_ns":562110,"device_handoff_ns":0,"webp_encode_ns":131137975,"metadata_ns":51,"total_ns":131701037,"images_per_second":7.592955,"decoded_host_to_device_bytes":0,"decoded_device_to_host_bytes":0,"decoded_device_to_device_bytes":0,"verification_psnr_db":-1.000000,"output_bytes":8064}	{"operation":"webp_transcode","sequence":0,"backend":"cpu","decline_reason":"unsupported-nvdec-sequence","decoded_format":"cpu-yuv420","nvdec_decode_status":0,"nvdec_decode_status_result":-1,"nvdec_error_concealed":false,"width":257,"height":255,"method":2,"quality":98,"parse_ns":151,"decode_ns":562631,"device_handoff_ns":0,"webp_encode_ns":3268715,"metadata_ns":60,"total_ns":132047514,"images_per_second":7.573032,"decoded_host_to_device_bytes":0,"decoded_device_to_host_bytes":0,"decoded_device_to_device_bytes":0,"verification_psnr_db":-1.000000,"output_bytes":8064}
graphic	odd-257x255	3	25	39d3fdc575947bb9c2d40ab046c6118df4b8700a217ab88c93c335653878efaf	39d3fdc575947bb9c2d40ab046c6118df4b8700a217ab88c93c335653878efaf	3394	3394	cpu	unsupported-nvdec-sequence	{"operation":"webp_transcode","sequence":0,"backend":"cpu","decline_reason":"forced-cpu","decoded_format":"cpu-yuv420","nvdec_decode_status":0,"nvdec_decode_status_result":-1,"nvdec_error_concealed":false,"width":257,"height":255,"method":3,"quality":25,"parse_ns":140,"decode_ns":564154,"device_handoff_ns":0,"webp_encode_ns":139984769,"metadata_ns":70,"total_ns":140549905,"images_per_second":7.114911,"decoded_host_to_device_bytes":0,"decoded_device_to_host_bytes":0,"decoded_device_to_device_bytes":0,"verification_psnr_db":-1.000000,"output_bytes":3394}	{"operation":"webp_transcode","sequence":0,"backend":"cpu","decline_reason":"unsupported-nvdec-sequence","decoded_format":"cpu-yuv420","nvdec_decode_status":0,"nvdec_decode_status_result":-1,"nvdec_error_concealed":false,"width":257,"height":255,"method":3,"quality":25,"parse_ns":150,"decode_ns":578321,"device_handoff_ns":0,"webp_encode_ns":7583465,"metadata_ns":40,"total_ns":141160546,"images_per_second":7.084132,"decoded_host_to_device_bytes":0,"decoded_device_to_host_bytes":0,"decoded_device_to_device_bytes":0,"verification_psnr_db":-1.000000,"output_bytes":3394}
graphic	odd-257x255	3	75	e0ed0ff29de7604eaddccb1ecd59a457a266a6198214f55da781a48eb496ce6e	e0ed0ff29de7604eaddccb1ecd59a457a266a6198214f55da781a48eb496ce6e	4954	4954	cpu	unsupported-nvdec-sequence	{"operation":"webp_transcode","sequence":0,"backend":"cpu","decline_reason":"forced-cpu","decoded_format":"cpu-yuv420","nvdec_decode_status":0,"nvdec_decode_status_result":-1,"nvdec_error_concealed":false,"width":257,"height":255,"method":3,"quality":75,"parse_ns":131,"decode_ns":568492,"device_handoff_ns":0,"webp_encode_ns":145225779,"metadata_ns":40,"total_ns":145795193,"images_per_second":6.858937,"decoded_host_to_device_bytes":0,"decoded_device_to_host_bytes":0,"decoded_device_to_device_bytes":0,"verification_psnr_db":-1.000000,"output_bytes":4954}	{"operation":"webp_transcode","sequence":0,"backend":"cpu","decline_reason":"unsupported-nvdec-sequence","decoded_format":"cpu-yuv420","nvdec_decode_status":0,"nvdec_decode_status_result":-1,"nvdec_error_concealed":false,"width":257,"height":255,"method":3,"quality":75,"parse_ns":140,"decode_ns":548154,"device_handoff_ns":0,"webp_encode_ns":7114670,"metadata_ns":40,"total_ns":135039141,"images_per_second":7.405260,"decoded_host_to_device_bytes":0,"decoded_device_to_host_bytes":0,"decoded_device_to_device_bytes":0,"verification_psnr_db":-1.000000,"output_bytes":4954}
graphic	odd-257x255	3	98	91c7d5c695911c7a6c77bbd4699eb55028680a83ef5af7d6cc3bf4f0d1c8b313	91c7d5c695911c7a6c77bbd4699eb55028680a83ef5af7d6cc3bf4f0d1c8b313	7602	7602	cpu	unsupported-nvdec-sequence	{"operation":"webp_transcode","sequence":0,"backend":"cpu","decline_reason":"forced-cpu","decoded_format":"cpu-yuv420","nvdec_decode_status":0,"nvdec_decode_status_result":-1,"nvdec_error_concealed":false,"width":257,"height":255,"method":3,"quality":98,"parse_ns":140,"decode_ns":555898,"device_handoff_ns":0,"webp_encode_ns":134836253,"metadata_ns":60,"total_ns":135393182,"images_per_second":7.385896,"decoded_host_to_device_bytes":0,"decoded_device_to_host_bytes":0,"decoded_device_to_device_bytes":0,"verification_psnr_db":-1.000000,"output_bytes":7602}	{"operation":"webp_transcode","sequence":0,"backend":"cpu","decline_reason":"unsupported-nvdec-sequence","decoded_format":"cpu-yuv420","nvdec_decode_status":0,"nvdec_decode_status_result":-1,"nvdec_error_concealed":false,"width":257,"height":255,"method":3,"quality":98,"parse_ns":120,"decode_ns":535811,"device_handoff_ns":0,"webp_encode_ns":7359827,"metadata_ns":50,"total_ns":139667036,"images_per_second":7.159886,"decoded_host_to_device_bytes":0,"decoded_device_to_host_bytes":0,"decoded_device_to_device_bytes":0,"verification_psnr_db":-1.000000,"output_bytes":7602}
graphic	odd-257x255	4	25	31e1e79df8746c54a9a598ef82d1ae94915c92aa73412d8204f02acc3fbcc292	31e1e79df8746c54a9a598ef82d1ae94915c92aa73412d8204f02acc3fbcc292	3380	3380	cpu	unsupported-nvdec-sequence	{"operation":"webp_transcode","sequence":0,"backend":"cpu","decline_reason":"forced-cpu","decoded_format":"cpu-yuv420","nvdec_decode_status":0,"nvdec_decode_status_result":-1,"nvdec_error_concealed":false,"width":257,"height":255,"method":4,"quality":25,"parse_ns":131,"decode_ns":561900,"device_handoff_ns":0,"webp_encode_ns":134020879,"metadata_ns":50,"total_ns":134584002,"images_per_second":7.430304,"decoded_host_to_device_bytes":0,"decoded_device_to_host_bytes":0,"decoded_device_to_device_bytes":0,"verification_psnr_db":-1.000000,"output_bytes":3380}	{"operation":"webp_transcode","sequence":0,"backend":"cpu","decline_reason":"unsupported-nvdec-sequence","decoded_format":"cpu-yuv420","nvdec_decode_status":0,"nvdec_decode_status_result":-1,"nvdec_error_concealed":false,"width":257,"height":255,"method":4,"quality":25,"parse_ns":140,"decode_ns":559274,"device_handoff_ns":0,"webp_encode_ns":7308843,"metadata_ns":50,"total_ns":140799411,"images_per_second":7.102302,"decoded_host_to_device_bytes":0,"decoded_device_to_host_bytes":0,"decoded_device_to_device_bytes":0,"verification_psnr_db":-1.000000,"output_bytes":3380}
graphic	odd-257x255	4	75	ccaa2401f1c35611166d2ba79b004bae9386c6e0b8991b0063569fa6b9f21557	ccaa2401f1c35611166d2ba79b004bae9386c6e0b8991b0063569fa6b9f21557	4962	4962	cpu	unsupported-nvdec-sequence	{"operation":"webp_transcode","sequence":0,"backend":"cpu","decline_reason":"forced-cpu","decoded_format":"cpu-yuv420","nvdec_decode_status":0,"nvdec_decode_status_result":-1,"nvdec_error_concealed":false,"width":257,"height":255,"method":4,"quality":75,"parse_ns":141,"decode_ns":635748,"device_handoff_ns":0,"webp_encode_ns":144233626,"metadata_ns":40,"total_ns":144870336,"images_per_second":6.902724,"decoded_host_to_device_bytes":0,"decoded_device_to_host_bytes":0,"decoded_device_to_device_bytes":0,"verification_psnr_db":-1.000000,"output_bytes":4962}	{"operation":"webp_transcode","sequence":0,"backend":"cpu","decline_reason":"unsupported-nvdec-sequence","decoded_format":"cpu-yuv420","nvdec_decode_status":0,"nvdec_decode_status_result":-1,"nvdec_error_concealed":false,"width":257,"height":255,"method":4,"quality":75,"parse_ns":130,"decode_ns":527966,"device_handoff_ns":0,"webp_encode_ns":7175884,"metadata_ns":80,"total_ns":138367538,"images_per_second":7.227129,"decoded_host_to_device_bytes":0,"decoded_device_to_host_bytes":0,"decoded_device_to_device_bytes":0,"verification_psnr_db":-1.000000,"output_bytes":4962}
graphic	odd-257x255	4	98	6f6b86e755366c67bb6876ee5aef5ef028bf1849f0a6a2ba14174263bc3ab43a	6f6b86e755366c67bb6876ee5aef5ef028bf1849f0a6a2ba14174263bc3ab43a	7596	7596	cpu	unsupported-nvdec-sequence	{"operation":"webp_transcode","sequence":0,"backend":"cpu","decline_reason":"forced-cpu","decoded_format":"cpu-yuv420","nvdec_decode_status":0,"nvdec_decode_status_result":-1,"nvdec_error_concealed":false,"width":257,"height":255,"method":4,"quality":98,"parse_ns":140,"decode_ns":558974,"device_handoff_ns":0,"webp_encode_ns":135813548,"metadata_ns":40,"total_ns":136373594,"images_per_second":7.332798,"decoded_host_to_device_bytes":0,"decoded_device_to_host_bytes":0,"decoded_device_to_device_bytes":0,"verification_psnr_db":-1.000000,"output_bytes":7596}	{"operation":"webp_transcode","sequence":0,"backend":"cpu","decline_reason":"unsupported-nvdec-sequence","decoded_format":"cpu-yuv420","nvdec_decode_status":0,"nvdec_decode_status_result":-1,"nvdec_error_concealed":false,"width":257,"height":255,"method":4,"quality":98,"parse_ns":150,"decode_ns":552031,"device_handoff_ns":0,"webp_encode_ns":7350299,"metadata_ns":40,"total_ns":140392701,"images_per_second":7.122877,"decoded_host_to_device_bytes":0,"decoded_device_to_host_bytes":0,"decoded_device_to_device_bytes":0,"verification_psnr_db":-1.000000,"output_bytes":7596}
graphic	odd-257x255	5	25	0cb79e77f1d87264008be5613019a7dd53934751389b50863616ccb60bb4ba85	0cb79e77f1d87264008be5613019a7dd53934751389b50863616ccb60bb4ba85	3376	3376	cpu	unsupported-nvdec-sequence	{"operation":"webp_transcode","sequence":0,"backend":"cpu","decline_reason":"forced-cpu","decoded_format":"cpu-yuv420","nvdec_decode_status":0,"nvdec_decode_status_result":-1,"nvdec_error_concealed":false,"width":257,"height":255,"method":5,"quality":25,"parse_ns":140,"decode_ns":559455,"device_handoff_ns":0,"webp_encode_ns":137169792,"metadata_ns":50,"total_ns":137730248,"images_per_second":7.260569,"decoded_host_to_device_bytes":0,"decoded_device_to_host_bytes":0,"decoded_device_to_device_bytes":0,"verification_psnr_db":-1.000000,"output_bytes":3376}	{"operation":"webp_transcode","sequence":0,"backend":"cpu","decline_reason":"unsupported-nvdec-sequence","decoded_format":"cpu-yuv420","nvdec_decode_status":0,"nvdec_decode_status_result":-1,"nvdec_error_concealed":false,"width":257,"height":255,"method":5,"quality":25,"parse_ns":141,"decode_ns":555428,"device_handoff_ns":0,"webp_encode_ns":9688507,"metadata_ns":40,"total_ns":137157118,"images_per_second":7.290909,"decoded_host_to_device_bytes":0,"decoded_device_to_host_bytes":0,"decoded_device_to_device_bytes":0,"verification_psnr_db":-1.000000,"output_bytes":3376}
graphic	odd-257x255	5	75	2f870b43ca717625b0d0560c8537a4dd355275ca7b3535d5601a29e430c4f324	2f870b43ca717625b0d0560c8537a4dd355275ca7b3535d5601a29e430c4f324	4914	4914	cpu	unsupported-nvdec-sequence	{"operation":"webp_transcode","sequence":0,"backend":"cpu","decline_reason":"forced-cpu","decoded_format":"cpu-yuv420","nvdec_decode_status":0,"nvdec_decode_status_result":-1,"nvdec_error_concealed":false,"width":257,"height":255,"method":5,"quality":75,"parse_ns":140,"decode_ns":569032,"device_handoff_ns":0,"webp_encode_ns":145894579,"metadata_ns":40,"total_ns":146464643,"images_per_second":6.827586,"decoded_host_to_device_bytes":0,"decoded_device_to_host_bytes":0,"decoded_device_to_device_bytes":0,"verification_psnr_db":-1.000000,"output_bytes":4914}	{"operation":"webp_transcode","sequence":0,"backend":"cpu","decline_reason":"unsupported-nvdec-sequence","decoded_format":"cpu-yuv420","nvdec_decode_status":0,"nvdec_decode_status_result":-1,"nvdec_error_concealed":false,"width":257,"height":255,"method":5,"quality":75,"parse_ns":150,"decode_ns":536321,"device_handoff_ns":0,"webp_encode_ns":9912406,"metadata_ns":50,"total_ns":142577362,"images_per_second":7.013736,"decoded_host_to_device_bytes":0,"decoded_device_to_host_bytes":0,"decoded_device_to_device_bytes":0,"verification_psnr_db":-1.000000,"output_bytes":4914}
graphic	odd-257x255	5	98	2d11acbd66f75d2e47c1179d00bad28ed3f888a9724b8fed2108eeb9f0ec88a1	2d11acbd66f75d2e47c1179d00bad28ed3f888a9724b8fed2108eeb9f0ec88a1	7614	7614	cpu	unsupported-nvdec-sequence	{"operation":"webp_transcode","sequence":0,"backend":"cpu","decline_reason":"forced-cpu","decoded_format":"cpu-yuv420","nvdec_decode_status":0,"nvdec_decode_status_result":-1,"nvdec_error_concealed":false,"width":257,"height":255,"method":5,"quality":98,"parse_ns":131,"decode_ns":562882,"device_handoff_ns":0,"webp_encode_ns":141921787,"metadata_ns":40,"total_ns":142485581,"images_per_second":7.018254,"decoded_host_to_device_bytes":0,"decoded_device_to_host_bytes":0,"decoded_device_to_device_bytes":0,"verification_psnr_db":-1.000000,"output_bytes":7614}	{"operation":"webp_transcode","sequence":0,"backend":"cpu","decline_reason":"unsupported-nvdec-sequence","decoded_format":"cpu-yuv420","nvdec_decode_status":0,"nvdec_decode_status_result":-1,"nvdec_error_concealed":false,"width":257,"height":255,"method":5,"quality":98,"parse_ns":140,"decode_ns":589641,"device_handoff_ns":0,"webp_encode_ns":10047087,"metadata_ns":40,"total_ns":139064430,"images_per_second":7.190911,"decoded_host_to_device_bytes":0,"decoded_device_to_host_bytes":0,"decoded_device_to_device_bytes":0,"verification_psnr_db":-1.000000,"output_bytes":7614}
graphic	odd-257x255	6	25	0ec6fd878a2e00ff1e7d5afc838b926e113ed5a060edb035189cce3066014cd1	0ec6fd878a2e00ff1e7d5afc838b926e113ed5a060edb035189cce3066014cd1	3372	3372	cpu	unsupported-nvdec-sequence	{"operation":"webp_transcode","sequence":0,"backend":"cpu","decline_reason":"forced-cpu","decoded_format":"cpu-yuv420","nvdec_decode_status":0,"nvdec_decode_status_result":-1,"nvdec_error_concealed":false,"width":257,"height":255,"method":6,"quality":25,"parse_ns":141,"decode_ns":553504,"device_handoff_ns":0,"webp_encode_ns":144613686,"metadata_ns":50,"total_ns":145168222,"images_per_second":6.888560,"decoded_host_to_device_bytes":0,"decoded_device_to_host_bytes":0,"decoded_device_to_device_bytes":0,"verification_psnr_db":-1.000000,"output_bytes":3372}	{"operation":"webp_transcode","sequence":0,"backend":"cpu","decline_reason":"unsupported-nvdec-sequence","decoded_format":"cpu-yuv420","nvdec_decode_status":0,"nvdec_decode_status_result":-1,"nvdec_error_concealed":false,"width":257,"height":255,"method":6,"quality":25,"parse_ns":131,"decode_ns":547353,"device_handoff_ns":0,"webp_encode_ns":10432577,"metadata_ns":40,"total_ns":144208369,"images_per_second":6.934410,"decoded_host_to_device_bytes":0,"decoded_device_to_host_bytes":0,"decoded_device_to_device_bytes":0,"verification_psnr_db":-1.000000,"output_bytes":3372}
graphic	odd-257x255	6	75	91407d89d7d149e9bd209e04ccfcfb3cbf8663eb516d0d79d2293d54e7a03276	91407d89d7d149e9bd209e04ccfcfb3cbf8663eb516d0d79d2293d54e7a03276	4880	4880	cpu	unsupported-nvdec-sequence	{"operation":"webp_transcode","sequence":0,"backend":"cpu","decline_reason":"forced-cpu","decoded_format":"cpu-yuv420","nvdec_decode_status":0,"nvdec_decode_status_result":-1,"nvdec_error_concealed":false,"width":257,"height":255,"method":6,"quality":75,"parse_ns":141,"decode_ns":565967,"device_handoff_ns":0,"webp_encode_ns":140608846,"metadata_ns":51,"total_ns":141175765,"images_per_second":7.083369,"decoded_host_to_device_bytes":0,"decoded_device_to_host_bytes":0,"decoded_device_to_device_bytes":0,"verification_psnr_db":-1.000000,"output_bytes":4880}	{"operation":"webp_transcode","sequence":0,"backend":"cpu","decline_reason":"unsupported-nvdec-sequence","decoded_format":"cpu-yuv420","nvdec_decode_status":0,"nvdec_decode_status_result":-1,"nvdec_error_concealed":false,"width":257,"height":255,"method":6,"quality":75,"parse_ns":220,"decode_ns":552362,"device_handoff_ns":0,"webp_encode_ns":11405164,"metadata_ns":50,"total_ns":139299389,"images_per_second":7.178782,"decoded_host_to_device_bytes":0,"decoded_device_to_host_bytes":0,"decoded_device_to_device_bytes":0,"verification_psnr_db":-1.000000,"output_bytes":4880}
graphic	odd-257x255	6	98	70a465ea0715508eda3854b53da6efe5d61d4a04f2dca8fc72ea5a0446ae9a51	70a465ea0715508eda3854b53da6efe5d61d4a04f2dca8fc72ea5a0446ae9a51	7508	7508	cpu	unsupported-nvdec-sequence	{"operation":"webp_transcode","sequence":0,"backend":"cpu","decline_reason":"forced-cpu","decoded_format":"cpu-yuv420","nvdec_decode_status":0,"nvdec_decode_status_result":-1,"nvdec_error_concealed":false,"width":257,"height":255,"method":6,"quality":98,"parse_ns":140,"decode_ns":560658,"device_handoff_ns":0,"webp_encode_ns":144190885,"metadata_ns":90,"total_ns":144752464,"images_per_second":6.908345,"decoded_host_to_device_bytes":0,"decoded_device_to_host_bytes":0,"decoded_device_to_device_bytes":0,"verification_psnr_db":-1.000000,"output_bytes":7508}	{"operation":"webp_transcode","sequence":0,"backend":"cpu","decline_reason":"unsupported-nvdec-sequence","decoded_format":"cpu-yuv420","nvdec_decode_status":0,"nvdec_decode_status_result":-1,"nvdec_error_concealed":false,"width":257,"height":255,"method":6,"quality":98,"parse_ns":141,"decode_ns":561539,"device_handoff_ns":0,"webp_encode_ns":12691888,"metadata_ns":80,"total_ns":142173698,"images_per_second":7.033650,"decoded_host_to_device_bytes":0,"decoded_device_to_host_bytes":0,"decoded_device_to_device_bytes":0,"verification_psnr_db":-1.000000,"output_bytes":7508}
photo	tiny-17x13	0	25	e012e13117a833cd560d2fc3d367934e5cc217bc8ae38082a25dd507ffa856bf	e012e13117a833cd560d2fc3d367934e5cc217bc8ae38082a25dd507ffa856bf	96	96	cpu	unsupported-nvdec-sequence	{"operation":"webp_transcode","sequence":0,"backend":"cpu","decline_reason":"forced-cpu","decoded_format":"cpu-yuv420","nvdec_decode_status":0,"nvdec_decode_status_result":-1,"nvdec_error_concealed":false,"width":17,"height":13,"method":0,"quality":25,"parse_ns":140,"decode_ns":57698,"device_handoff_ns":0,"webp_encode_ns":133624579,"metadata_ns":80,"total_ns":133683479,"images_per_second":7.480356,"decoded_host_to_device_bytes":0,"decoded_device_to_host_bytes":0,"decoded_device_to_device_bytes":0,"verification_psnr_db":-1.000000,"output_bytes":96}	{"operation":"webp_transcode","sequence":0,"backend":"cpu","decline_reason":"unsupported-nvdec-sequence","decoded_format":"cpu-yuv420","nvdec_decode_status":0,"nvdec_decode_status_result":-1,"nvdec_error_concealed":false,"width":17,"height":13,"method":0,"quality":25,"parse_ns":431,"decode_ns":43722,"device_handoff_ns":0,"webp_encode_ns":1420994,"metadata_ns":50,"total_ns":129717300,"images_per_second":7.709072,"decoded_host_to_device_bytes":0,"decoded_device_to_host_bytes":0,"decoded_device_to_device_bytes":0,"verification_psnr_db":-1.000000,"output_bytes":96}
photo	tiny-17x13	0	75	368464a556a81c95810c2dc98e441cfff99366aba7d2474882f77d7e0ae6d955	368464a556a81c95810c2dc98e441cfff99366aba7d2474882f77d7e0ae6d955	120	120	cpu	unsupported-nvdec-sequence	{"operation":"webp_transcode","sequence":0,"backend":"cpu","decline_reason":"forced-cpu","decoded_format":"cpu-yuv420","nvdec_decode_status":0,"nvdec_decode_status_result":-1,"nvdec_error_concealed":false,"width":17,"height":13,"method":0,"quality":75,"parse_ns":141,"decode_ns":52839,"device_handoff_ns":0,"webp_encode_ns":130513177,"metadata_ns":120,"total_ns":130567128,"images_per_second":7.658896,"decoded_host_to_device_bytes":0,"decoded_device_to_host_bytes":0,"decoded_device_to_device_bytes":0,"verification_psnr_db":-1.000000,"output_bytes":120}	{"operation":"webp_transcode","sequence":0,"backend":"cpu","decline_reason":"unsupported-nvdec-sequence","decoded_format":"cpu-yuv420","nvdec_decode_status":0,"nvdec_decode_status_result":-1,"nvdec_error_concealed":false,"width":17,"height":13,"method":0,"quality":75,"parse_ns":130,"decode_ns":48140,"device_handoff_ns":0,"webp_encode_ns":1430392,"metadata_ns":40,"total_ns":135826813,"images_per_second":7.362317,"decoded_host_to_device_bytes":0,"decoded_device_to_host_bytes":0,"decoded_device_to_device_bytes":0,"verification_psnr_db":-1.000000,"output_bytes":120}
photo	tiny-17x13	0	98	fbca6a16fffc3172d707aed4eb37d4f106476ffcf0c23e3b686bc03f11ed2619	fbca6a16fffc3172d707aed4eb37d4f106476ffcf0c23e3b686bc03f11ed2619	164	164	cpu	unsupported-nvdec-sequence	{"operation":"webp_transcode","sequence":0,"backend":"cpu","decline_reason":"forced-cpu","decoded_format":"cpu-yuv420","nvdec_decode_status":0,"nvdec_decode_status_result":-1,"nvdec_error_concealed":false,"width":17,"height":13,"method":0,"quality":98,"parse_ns":140,"decode_ns":52999,"device_handoff_ns":0,"webp_encode_ns":130512306,"metadata_ns":40,"total_ns":130566296,"images_per_second":7.658944,"decoded_host_to_device_bytes":0,"decoded_device_to_host_bytes":0,"decoded_device_to_device_bytes":0,"verification_psnr_db":-1.000000,"output_bytes":164}	{"operation":"webp_transcode","sequence":0,"backend":"cpu","decline_reason":"unsupported-nvdec-sequence","decoded_format":"cpu-yuv420","nvdec_decode_status":0,"nvdec_decode_status_result":-1,"nvdec_error_concealed":false,"width":17,"height":13,"method":0,"quality":98,"parse_ns":211,"decode_ns":40946,"device_handoff_ns":0,"webp_encode_ns":1384757,"metadata_ns":40,"total_ns":135182409,"images_per_second":7.397412,"decoded_host_to_device_bytes":0,"decoded_device_to_host_bytes":0,"decoded_device_to_device_bytes":0,"verification_psnr_db":-1.000000,"output_bytes":164}
photo	tiny-17x13	1	25	941939c0cf8de2060f51cc0382fc979490f57a117536330361f377735d6346e5	941939c0cf8de2060f51cc0382fc979490f57a117536330361f377735d6346e5	96	96	cpu	unsupported-nvdec-sequence	{"operation":"webp_transcode","sequence":0,"backend":"cpu","decline_reason":"forced-cpu","decoded_format":"cpu-yuv420","nvdec_decode_status":0,"nvdec_decode_status_result":-1,"nvdec_error_concealed":false,"width":17,"height":13,"method":1,"quality":25,"parse_ns":451,"decode_ns":52678,"device_handoff_ns":0,"webp_encode_ns":132163510,"metadata_ns":61,"total_ns":132217351,"images_per_second":7.563304,"decoded_host_to_device_bytes":0,"decoded_device_to_host_bytes":0,"decoded_device_to_device_bytes":0,"verification_psnr_db":-1.000000,"output_bytes":96}	{"operation":"webp_transcode","sequence":0,"backend":"cpu","decline_reason":"unsupported-nvdec-sequence","decoded_format":"cpu-yuv420","nvdec_decode_status":0,"nvdec_decode_status_result":-1,"nvdec_error_concealed":false,"width":17,"height":13,"method":1,"quality":25,"parse_ns":141,"decode_ns":36849,"device_handoff_ns":0,"webp_encode_ns":1403421,"metadata_ns":40,"total_ns":134691151,"images_per_second":7.424393,"decoded_host_to_device_bytes":0,"decoded_device_to_host_bytes":0,"decoded_device_to_device_bytes":0,"verification_psnr_db":-1.000000,"output_bytes":96}
photo	tiny-17x13	1	75	11bf64453a990cd55d5cb3fdbd5b90e2d5cb035f5eac750c8af7a0cacf01099b	11bf64453a990cd55d5cb3fdbd5b90e2d5cb035f5eac750c8af7a0cacf01099b	118	118	cpu	unsupported-nvdec-sequence	{"operation":"webp_transcode","sequence":0,"backend":"cpu","decline_reason":"forced-cpu","decoded_format":"cpu-yuv420","nvdec_decode_status":0,"nvdec_decode_status_result":-1,"nvdec_error_concealed":false,"width":17,"height":13,"method":1,"quality":75,"parse_ns":140,"decode_ns":56205,"device_handoff_ns":0,"webp_encode_ns":135956044,"metadata_ns":40,"total_ns":136013181,"images_per_second":7.352229,"decoded_host_to_device_bytes":0,"decoded_device_to_host_bytes":0,"decoded_device_to_device_bytes":0,"verification_psnr_db":-1.000000,"output_bytes":118}	{"operation":"webp_transcode","sequence":0,"backend":"cpu","decline_reason":"unsupported-nvdec-sequence","decoded_format":"cpu-yuv420","nvdec_decode_status":0,"nvdec_decode_status_result":-1,"nvdec_error_concealed":false,"width":17,"height":13,"method":1,"quality":75,"parse_ns":190,"decode_ns":41207,"device_handoff_ns":0,"webp_encode_ns":1414412,"metadata_ns":50,"total_ns":129601253,"images_per_second":7.715975,"decoded_host_to_device_bytes":0,"decoded_device_to_host_bytes":0,"decoded_device_to_device_bytes":0,"verification_psnr_db":-1.000000,"output_bytes":118}
photo	tiny-17x13	1	98	45cd8faf38b79ccd8901dd96e58250edc1deb3852d68bb6f7b4a3a9cb42f233a	45cd8faf38b79ccd8901dd96e58250edc1deb3852d68bb6f7b4a3a9cb42f233a	164	164	cpu	unsupported-nvdec-sequence	{"operation":"webp_transcode","sequence":0,"backend":"cpu","decline_reason":"forced-cpu","decoded_format":"cpu-yuv420","nvdec_decode_status":0,"nvdec_decode_status_result":-1,"nvdec_error_concealed":false,"width":17,"height":13,"method":1,"quality":98,"parse_ns":180,"decode_ns":55765,"device_handoff_ns":0,"webp_encode_ns":130575443,"metadata_ns":120,"total_ns":130632109,"images_per_second":7.655086,"decoded_host_to_device_bytes":0,"decoded_device_to_host_bytes":0,"decoded_device_to_device_bytes":0,"verification_psnr_db":-1.000000,"output_bytes":164}	{"operation":"webp_transcode","sequence":0,"backend":"cpu","decline_reason":"unsupported-nvdec-sequence","decoded_format":"cpu-yuv420","nvdec_decode_status":0,"nvdec_decode_status_result":-1,"nvdec_error_concealed":false,"width":17,"height":13,"method":1,"quality":98,"parse_ns":171,"decode_ns":40766,"device_handoff_ns":0,"webp_encode_ns":1407770,"metadata_ns":40,"total_ns":135118590,"images_per_second":7.400906,"decoded_host_to_device_bytes":0,"decoded_device_to_host_bytes":0,"decoded_device_to_device_bytes":0,"verification_psnr_db":-1.000000,"output_bytes":164}
photo	tiny-17x13	2	25	d7467489974063fc1ca7bf9c272aff0cdad81a4686863fd4a3b359e457bfc201	d7467489974063fc1ca7bf9c272aff0cdad81a4686863fd4a3b359e457bfc201	96	96	cpu	unsupported-nvdec-sequence	{"operation":"webp_transcode","sequence":0,"backend":"cpu","decline_reason":"forced-cpu","decoded_format":"cpu-yuv420","nvdec_decode_status":0,"nvdec_decode_status_result":-1,"nvdec_error_concealed":false,"width":17,"height":13,"method":2,"quality":25,"parse_ns":181,"decode_ns":57317,"device_handoff_ns":0,"webp_encode_ns":130370721,"metadata_ns":50,"total_ns":130428980,"images_per_second":7.667008,"decoded_host_to_device_bytes":0,"decoded_device_to_host_bytes":0,"decoded_device_to_device_bytes":0,"verification_psnr_db":-1.000000,"output_bytes":96}	{"operation":"webp_transcode","sequence":0,"backend":"cpu","decline_reason":"unsupported-nvdec-sequence","decoded_format":"cpu-yuv420","nvdec_decode_status":0,"nvdec_decode_status_result":-1,"nvdec_error_concealed":false,"width":17,"height":13,"method":2,"quality":25,"parse_ns":180,"decode_ns":37039,"device_handoff_ns":0,"webp_encode_ns":1389385,"metadata_ns":50,"total_ns":134677485,"images_per_second":7.425146,"decoded_host_to_device_bytes":0,"decoded_device_to_host_bytes":0,"decoded_device_to_device_bytes":0,"verification_psnr_db":-1.000000,"output_bytes":96}
photo	tiny-17x13	2	75	d6e364a2cc80f1e1433fa54b067f5202ca80a6f852599cda3dbbb188d1ffc03c	d6e364a2cc80f1e1433fa54b067f5202ca80a6f852599cda3dbbb188d1ffc03c	112	112	cpu	unsupported-nvdec-sequence	{"operation":"webp_transcode","sequence":0,"backend":"cpu","decline_reason":"forced-cpu","decoded_format":"cpu-yuv420","nvdec_decode_status":0,"nvdec_decode_status_result":-1,"nvdec_error_concealed":false,"width":17,"height":13,"method":2,"quality":75,"parse_ns":180,"decode_ns":48201,"device_handoff_ns":0,"webp_encode_ns":133726289,"metadata_ns":50,"total_ns":133775501,"images_per_second":7.475210,"decoded_host_to_device_bytes":0,"decoded_device_to_host_bytes":0,"decoded_device_to_device_bytes":0,"verification_psnr_db":-1.000000,"output_bytes":112}	{"operation":"webp_transcode","sequence":0,"backend":"cpu","decline_reason":"unsupported-nvdec-sequence","decoded_format":"cpu-yuv420","nvdec_decode_status":0,"nvdec_decode_status_result":-1,"nvdec_error_concealed":false,"width":17,"height":13,"method":2,"quality":75,"parse_ns":180,"decode_ns":42500,"device_handoff_ns":0,"webp_encode_ns":1376611,"metadata_ns":40,"total_ns":133859978,"images_per_second":7.470493,"decoded_host_to_device_bytes":0,"decoded_device_to_host_bytes":0,"decoded_device_to_device_bytes":0,"verification_psnr_db":-1.000000,"output_bytes":112}
photo	tiny-17x13	2	98	781628f734a087d802a5f055918fc3253379cee09b91ed5642a4d7331982acbf	781628f734a087d802a5f055918fc3253379cee09b91ed5642a4d7331982acbf	164	164	cpu	unsupported-nvdec-sequence	{"operation":"webp_transcode","sequence":0,"backend":"cpu","decline_reason":"forced-cpu","decoded_format":"cpu-yuv420","nvdec_decode_status":0,"nvdec_decode_status_result":-1,"nvdec_error_concealed":false,"width":17,"height":13,"method":2,"quality":98,"parse_ns":150,"decode_ns":53159,"device_handoff_ns":0,"webp_encode_ns":135945474,"metadata_ns":40,"total_ns":135999565,"images_per_second":7.352965,"decoded_host_to_device_bytes":0,"decoded_device_to_host_bytes":0,"decoded_device_to_device_bytes":0,"verification_psnr_db":-1.000000,"output_bytes":164}	{"operation":"webp_transcode","sequence":0,"backend":"cpu","decline_reason":"unsupported-nvdec-sequence","decoded_format":"cpu-yuv420","nvdec_decode_status":0,"nvdec_decode_status_result":-1,"nvdec_error_concealed":false,"width":17,"height":13,"method":2,"quality":98,"parse_ns":140,"decode_ns":40556,"device_handoff_ns":0,"webp_encode_ns":1432015,"metadata_ns":40,"total_ns":128481742,"images_per_second":7.783207,"decoded_host_to_device_bytes":0,"decoded_device_to_host_bytes":0,"decoded_device_to_device_bytes":0,"verification_psnr_db":-1.000000,"output_bytes":164}
photo	tiny-17x13	3	25	380511c96c9cac15ff0049c3af91fa6905a973abafb41065756675bd0468682f	380511c96c9cac15ff0049c3af91fa6905a973abafb41065756675bd0468682f	92	92	cpu	unsupported-nvdec-sequence	{"operation":"webp_transcode","sequence":0,"backend":"cpu","decline_reason":"forced-cpu","decoded_format":"cpu-yuv420","nvdec_decode_status":0,"nvdec_decode_status_result":-1,"nvdec_error_concealed":false,"width":17,"height":13,"method":3,"quality":25,"parse_ns":150,"decode_ns":48621,"device_handoff_ns":0,"webp_encode_ns":132828692,"metadata_ns":40,"total_ns":132878255,"images_per_second":7.525686,"decoded_host_to_device_bytes":0,"decoded_device_to_host_bytes":0,"decoded_device_to_device_bytes":0,"verification_psnr_db":-1.000000,"output_bytes":92}	{"operation":"webp_transcode","sequence":0,"backend":"cpu","decline_reason":"unsupported-nvdec-sequence","decoded_format":"cpu-yuv420","nvdec_decode_status":0,"nvdec_decode_status_result":-1,"nvdec_error_concealed":false,"width":17,"height":13,"method":3,"quality":25,"parse_ns":140,"decode_ns":46808,"device_handoff_ns":0,"webp_encode_ns":2610486,"metadata_ns":40,"total_ns":129886025,"images_per_second":7.699058,"decoded_host_to_device_bytes":0,"decoded_device_to_host_bytes":0,"decoded_device_to_device_bytes":0,"verification_psnr_db":-1.000000,"output_bytes":92}
photo	tiny-17x13	3	75	b51da5592f8cacd137036501b9e4eef3b6ff6cac39ee12176163b8b29d492368	b51da5592f8cacd137036501b9e4eef3b6ff6cac39ee12176163b8b29d492368	102	102	cpu	unsupported-nvdec-sequence	{"operation":"webp_transcode","sequence":0,"backend":"cpu","decline_reason":"forced-cpu","decoded_format":"cpu-yuv420","nvdec_decode_status":0,"nvdec_decode_status_result":-1,"nvdec_error_concealed":false,"width":17,"height":13,"method":3,"quality":75,"parse_ns":141,"decode_ns":48721,"device_handoff_ns":0,"webp_encode_ns":136440068,"metadata_ns":80,"total_ns":136489641,"images_per_second":7.326563,"decoded_host_to_device_bytes":0,"decoded_device_to_host_bytes":0,"decoded_device_to_device_bytes":0,"verification_psnr_db":-1.000000,"output_bytes":102}	{"operation":"webp_transcode","sequence":0,"backend":"cpu","decline_reason":"unsupported-nvdec-sequence","decoded_format":"cpu-yuv420","nvdec_decode_status":0,"nvdec_decode_status_result":-1,"nvdec_error_concealed":false,"width":17,"height":13,"method":3,"quality":75,"parse_ns":150,"decode_ns":42469,"device_handoff_ns":0,"webp_encode_ns":2577765,"metadata_ns":40,"total_ns":129831915,"images_per_second":7.702266,"decoded_host_to_device_bytes":0,"decoded_device_to_host_bytes":0,"decoded_device_to_device_bytes":0,"verification_psnr_db":-1.000000,"output_bytes":102}
photo	tiny-17x13	3	98	41c7860f37a7e7887c59eacf7f328fb7e33b72cf0613c14e5b6b082e5eb9507b	41c7860f37a7e7887c59eacf7f328fb7e33b72cf0613c14e5b6b082e5eb9507b	150	150	cpu	unsupported-nvdec-sequence	{"operation":"webp_transcode","sequence":0,"backend":"cpu","decline_reason":"forced-cpu","decoded_format":"cpu-yuv420","nvdec_decode_status":0,"nvdec_decode_status_result":-1,"nvdec_error_concealed":false,"width":17,"height":13,"method":3,"quality":98,"parse_ns":190,"decode_ns":52327,"device_handoff_ns":0,"webp_encode_ns":135291974,"metadata_ns":50,"total_ns":135345263,"images_per_second":7.388511,"decoded_host_to_device_bytes":0,"decoded_device_to_host_bytes":0,"decoded_device_to_device_bytes":0,"verification_psnr_db":-1.000000,"output_bytes":150}	{"operation":"webp_transcode","sequence":0,"backend":"cpu","decline_reason":"unsupported-nvdec-sequence","decoded_format":"cpu-yuv420","nvdec_decode_status":0,"nvdec_decode_status_result":-1,"nvdec_error_concealed":false,"width":17,"height":13,"method":3,"quality":98,"parse_ns":140,"decode_ns":40626,"device_handoff_ns":0,"webp_encode_ns":2646634,"metadata_ns":40,"total_ns":130560044,"images_per_second":7.659311,"decoded_host_to_device_bytes":0,"decoded_device_to_host_bytes":0,"decoded_device_to_device_bytes":0,"verification_psnr_db":-1.000000,"output_bytes":150}
photo	tiny-17x13	4	25	90937058e2c32e8b0107b07fdb161899da38e0c04dae5a82ad61230c65e9c876	90937058e2c32e8b0107b07fdb161899da38e0c04dae5a82ad61230c65e9c876	94	94	cpu	unsupported-nvdec-sequence	{"operation":"webp_transcode","sequence":0,"backend":"cpu","decline_reason":"forced-cpu","decoded_format":"cpu-yuv420","nvdec_decode_status":0,"nvdec_decode_status_result":-1,"nvdec_error_concealed":false,"width":17,"height":13,"method":4,"quality":25,"parse_ns":140,"decode_ns":55563,"device_handoff_ns":0,"webp_encode_ns":141299705,"metadata_ns":90,"total_ns":141356141,"images_per_second":7.074330,"decoded_host_to_device_bytes":0,"decoded_device_to_host_bytes":0,"decoded_device_to_device_bytes":0,"verification_psnr_db":-1.000000,"output_bytes":94}	{"operation":"webp_transcode","sequence":0,"backend":"cpu","decline_reason":"unsupported-nvdec-sequence","decoded_format":"cpu-yuv420","nvdec_decode_status":0,"nvdec_decode_status_result":-1,"nvdec_error_concealed":false,"width":17,"height":13,"method":4,"quality":25,"parse_ns":140,"decode_ns":38903,"device_handoff_ns":0,"webp_encode_ns":2602280,"metadata_ns":40,"total_ns":137460083,"images_per_second":7.274839,"decoded_host_to_device_bytes":0,"decoded_device_to_host_bytes":0,"decoded_device_to_device_bytes":0,"verification_psnr_db":-1.000000,"output_bytes":94}
photo	tiny-17x13	4	75	2344a55db92a9a29f0b3179dde67c82b38446a3c003fb7777d6d09d50ada2974	2344a55db92a9a29f0b3179dde67c82b38446a3c003fb7777d6d09d50ada2974	104	104	cpu	unsupported-nvdec-sequence	{"operation":"webp_transcode","sequence":0,"backend":"cpu","decline_reason":"forced-cpu","decoded_format":"cpu-yuv420","nvdec_decode_status":0,"nvdec_decode_status_result":-1,"nvdec_error_concealed":false,"width":17,"height":13,"method":4,"quality":75,"parse_ns":140,"decode_ns":51286,"device_handoff_ns":0,"webp_encode_ns":135886935,"metadata_ns":150,"total_ns":135939102,"images_per_second":7.356235,"decoded_host_to_device_bytes":0,"decoded_device_to_host_bytes":0,"decoded_device_to_device_bytes":0,"verification_psnr_db":-1.000000,"output_bytes":104}	{"operation":"webp_transcode","sequence":0,"backend":"cpu","decline_reason":"unsupported-nvdec-sequence","decoded_format":"cpu-yuv420","nvdec_decode_status":0,"nvdec_decode_status_result":-1,"nvdec_error_concealed":false,"width":17,"height":13,"method":4,"quality":75,"parse_ns":150,"decode_ns":54352,"device_handoff_ns":0,"webp_encode_ns":2657494,"metadata_ns":40,"total_ns":130838495,"images_per_second":7.643011,"decoded_host_to_device_bytes":0,"decoded_device_to_host_bytes":0,"decoded_device_to_device_bytes":0,"verification_psnr_db":-1.000000,"output_bytes":104}
photo	tiny-17x13	4	98	41c7860f37a7e7887c59eacf7f328fb7e33b72cf0613c14e5b6b082e5eb9507b	41c7860f37a7e7887c59eacf7f328fb7e33b72cf0613c14e5b6b082e5eb9507b	150	150	cpu	unsupported-nvdec-sequence	{"operation":"webp_transcode","sequence":0,"backend":"cpu","decline_reason":"forced-cpu","decoded_format":"cpu-yuv420","nvdec_decode_status":0,"nvdec_decode_status_result":-1,"nvdec_error_concealed":false,"width":17,"height":13,"method":4,"quality":98,"parse_ns":150,"decode_ns":54852,"device_handoff_ns":0,"webp_encode_ns":134917173,"metadata_ns":130,"total_ns":134972947,"images_per_second":7.408892,"decoded_host_to_device_bytes":0,"decoded_device_to_host_bytes":0,"decoded_device_to_device_bytes":0,"verification_psnr_db":-1.000000,"output_bytes":150}	{"operation":"webp_transcode","sequence":0,"backend":"cpu","decline_reason":"unsupported-nvdec-sequence","decoded_format":"cpu-yuv420","nvdec_decode_status":0,"nvdec_decode_status_result":-1,"nvdec_error_concealed":false,"width":17,"height":13,"method":4,"quality":98,"parse_ns":150,"decode_ns":42549,"device_handoff_ns":0,"webp_encode_ns":2615556,"metadata_ns":50,"total_ns":129906694,"images_per_second":7.697833,"decoded_host_to_device_bytes":0,"decoded_device_to_host_bytes":0,"decoded_device_to_device_bytes":0,"verification_psnr_db":-1.000000,"output_bytes":150}
photo	tiny-17x13	5	25	4f9a5c0fc6ad3c34bdb99043a7754b0ed349593dcf663ef1647a94a241c2bd25	4f9a5c0fc6ad3c34bdb99043a7754b0ed349593dcf663ef1647a94a241c2bd25	90	90	cpu	unsupported-nvdec-sequence	{"operation":"webp_transcode","sequence":0,"backend":"cpu","decline_reason":"forced-cpu","decoded_format":"cpu-yuv420","nvdec_decode_status":0,"nvdec_decode_status_result":-1,"nvdec_error_concealed":false,"width":17,"height":13,"method":5,"quality":25,"parse_ns":181,"decode_ns":52288,"device_handoff_ns":0,"webp_encode_ns":136566955,"metadata_ns":40,"total_ns":136620114,"images_per_second":7.319566,"decoded_host_to_device_bytes":0,"decoded_device_to_host_bytes":0,"decoded_device_to_device_bytes":0,"verification_psnr_db":-1.000000,"output_bytes":90}	{"operation":"webp_transcode","sequence":0,"backend":"cpu","decline_reason":"unsupported-nvdec-sequence","decoded_format":"cpu-yuv420","nvdec_decode_status":0,"nvdec_decode_status_result":-1,"nvdec_error_concealed":false,"width":17,"height":13,"method":5,"quality":25,"parse_ns":180,"decode_ns":40976,"device_handoff_ns":0,"webp_encode_ns":2691628,"metadata_ns":40,"total_ns":133395000,"images_per_second":7.496533,"decoded_host_to_device_bytes":0,"decoded_device_to_host_bytes":0,"decoded_device_to_device_bytes":0,"verification_psnr_db":-1.000000,"output_bytes":90}
photo	tiny-17x13	5	75	349ebc5888b9fdcbce10e643f65f1d40ea3f9d52aa5a7fdaf7910095c7fa013f	349ebc5888b9fdcbce10e643f65f1d40ea3f9d52aa5a7fdaf7910095c7fa013f	104	104	cpu	unsupported-nvdec-sequence	{"operation":"webp_transcode","sequence":0,"backend":"cpu","decline_reason":"forced-cpu","decoded_format":"cpu-yuv420","nvdec_decode_status":0,"nvdec_decode_status_result":-1,"nvdec_error_concealed":false,"width":17,"height":13,"method":5,"quality":75,"parse_ns":181,"decode_ns":54101,"device_handoff_ns":0,"webp_encode_ns":131803968,"metadata_ns":50,"total_ns":131858931,"images_per_second":7.583862,"decoded_host_to_device_bytes":0,"decoded_device_to_host_bytes":0,"decoded_device_to_device_bytes":0,"verification_psnr_db":-1.000000,"output_bytes":104}	{"operation":"webp_transcode","sequence":0,"backend":"cpu","decline_reason":"unsupported-nvdec-sequence","decoded_format":"cpu-yuv420","nvdec_decode_status":0,"nvdec_decode_status_result":-1,"nvdec_error_concealed":false,"width":17,"height":13,"method":5,"quality":75,"parse_ns":141,"decode_ns":40405,"device_handoff_ns":0,"webp_encode_ns":2663686,"metadata_ns":40,"total_ns":133182964,"images_per_second":7.508468,"decoded_host_to_device_bytes":0,"decoded_device_to_host_bytes":0,"decoded_device_to_device_bytes":0,"verification_psnr_db":-1.000000,"output_bytes":104}
photo	tiny-17x13	5	98	5dc3032875c1d13a4b5ba0d5c9b467f124197650ec104cf1c438e073b937fbcb	5dc3032875c1d13a4b5ba0d5c9b467f124197650ec104cf1c438e073b937fbcb	148	148	cpu	unsupported-nvdec-sequence	{"operation":"webp_transcode","sequence":0,"backend":"cpu","decline_reason":"forced-cpu","decoded_format":"cpu-yuv420","nvdec_decode_status":0,"nvdec_decode_status_result":-1,"nvdec_error_concealed":false,"width":17,"height":13,"method":5,"quality":98,"parse_ns":141,"decode_ns":59251,"device_handoff_ns":0,"webp_encode_ns":131683984,"metadata_ns":40,"total_ns":131743956,"images_per_second":7.590481,"decoded_host_to_device_bytes":0,"decoded_device_to_host_bytes":0,"decoded_device_to_device_bytes":0,"verification_psnr_db":-1.000000,"output_bytes":148}	{"operation":"webp_transcode","sequence":0,"backend":"cpu","decline_reason":"unsupported-nvdec-sequence","decoded_format":"cpu-yuv420","nvdec_decode_status":0,"nvdec_decode_status_result":-1,"nvdec_error_concealed":false,"width":17,"height":13,"method":5,"quality":98,"parse_ns":180,"decode_ns":47770,"device_handoff_ns":0,"webp_encode_ns":2731031,"metadata_ns":50,"total_ns":130750580,"images_per_second":7.648150,"decoded_host_to_device_bytes":0,"decoded_device_to_host_bytes":0,"decoded_device_to_device_bytes":0,"verification_psnr_db":-1.000000,"output_bytes":148}
photo	tiny-17x13	6	25	0e2acb1968be7a1e4e5707e4d2678524f52366a35adc3ba109fa5896e6255133	0e2acb1968be7a1e4e5707e4d2678524f52366a35adc3ba109fa5896e6255133	92	92	cpu	unsupported-nvdec-sequence	{"operation":"webp_transcode","sequence":0,"backend":"cpu","decline_reason":"forced-cpu","decoded_format":"cpu-yuv420","nvdec_decode_status":0,"nvdec_decode_status_result":-1,"nvdec_error_concealed":false,"width":17,"height":13,"method":6,"quality":25,"parse_ns":120,"decode_ns":58059,"device_handoff_ns":0,"webp_encode_ns":135571355,"metadata_ns":110,"total_ns":135630255,"images_per_second":7.372986,"decoded_host_to_device_bytes":0,"decoded_device_to_host_bytes":0,"decoded_device_to_device_bytes":0,"verification_psnr_db":-1.000000,"output_bytes":92}	{"operation":"webp_transcode","sequence":0,"backend":"cpu","decline_reason":"unsupported-nvdec-sequence","decoded_format":"cpu-yuv420","nvdec_decode_status":0,"nvdec_decode_status_result":-1,"nvdec_error_concealed":false,"width":17,"height":13,"method":6,"quality":25,"parse_ns":230,"decode_ns":48070,"device_handoff_ns":0,"webp_encode_ns":2688802,"metadata_ns":80,"total_ns":136009363,"images_per_second":7.352435,"decoded_host_to_device_bytes":0,"decoded_device_to_host_bytes":0,"decoded_device_to_device_bytes":0,"verification_psnr_db":-1.000000,"output_bytes":92}
photo	tiny-17x13	6	75	2344a55db92a9a29f0b3179dde67c82b38446a3c003fb7777d6d09d50ada2974	2344a55db92a9a29f0b3179dde67c82b38446a3c003fb7777d6d09d50ada2974	104	104	cpu	unsupported-nvdec-sequence	{"operation":"webp_transcode","sequence":0,"backend":"cpu","decline_reason":"forced-cpu","decoded_format":"cpu-yuv420","nvdec_decode_status":0,"nvdec_decode_status_result":-1,"nvdec_error_concealed":false,"width":17,"height":13,"method":6,"quality":75,"parse_ns":180,"decode_ns":61605,"device_handoff_ns":0,"webp_encode_ns":138501188,"metadata_ns":130,"total_ns":138564305,"images_per_second":7.216866,"decoded_host_to_device_bytes":0,"decoded_device_to_host_bytes":0,"decoded_device_to_device_bytes":0,"verification_psnr_db":-1.000000,"output_bytes":104}	{"operation":"webp_transcode","sequence":0,"backend":"cpu","decline_reason":"unsupported-nvdec-sequence","decoded_format":"cpu-yuv420","nvdec_decode_status":0,"nvdec_decode_status_result":-1,"nvdec_error_concealed":false,"width":17,"height":13,"method":6,"quality":75,"parse_ns":190,"decode_ns":40095,"device_handoff_ns":0,"webp_encode_ns":2695104,"metadata_ns":80,"total_ns":134777562,"images_per_second":7.419633,"decoded_host_to_device_bytes":0,"decoded_device_to_host_bytes":0,"decoded_device_to_device_bytes":0,"verification_psnr_db":-1.000000,"output_bytes":104}
photo	tiny-17x13	6	98	ac3baa5d69ec28332b5d82c072492289da91366859d2bd804ad107cb4d553960	ac3baa5d69ec28332b5d82c072492289da91366859d2bd804ad107cb4d553960	148	148	cpu	unsupported-nvdec-sequence	{"operation":"webp_transcode","sequence":0,"backend":"cpu","decline_reason":"forced-cpu","decoded_format":"cpu-yuv420","nvdec_decode_status":0,"nvdec_decode_status_result":-1,"nvdec_error_concealed":false,"width":17,"height":13,"method":6,"quality":98,"parse_ns":140,"decode_ns":50334,"device_handoff_ns":0,"webp_encode_ns":130619807,"metadata_ns":40,"total_ns":130670911,"images_per_second":7.652813,"decoded_host_to_device_bytes":0,"decoded_device_to_host_bytes":0,"decoded_device_to_device_bytes":0,"verification_psnr_db":-1.000000,"output_bytes":148}	{"operation":"webp_transcode","sequence":0,"backend":"cpu","decline_reason":"unsupported-nvdec-sequence","decoded_format":"cpu-yuv420","nvdec_decode_status":0,"nvdec_decode_status_result":-1,"nvdec_error_concealed":false,"width":17,"height":13,"method":6,"quality":98,"parse_ns":140,"decode_ns":38602,"device_handoff_ns":0,"webp_encode_ns":2855464,"metadata_ns":40,"total_ns":131048687,"images_per_second":7.630752,"decoded_host_to_device_bytes":0,"decoded_device_to_host_bytes":0,"decoded_device_to_device_bytes":0,"verification_psnr_db":-1.000000,"output_bytes":148}
photo	odd-257x255	0	25	8df2a5d03819ea6ca78862ff770a5611fa4085862bca49053fdfcad96379677a	8df2a5d03819ea6ca78862ff770a5611fa4085862bca49053fdfcad96379677a	824	824	cpu	unsupported-nvdec-sequence	{"operation":"webp_transcode","sequence":0,"backend":"cpu","decline_reason":"forced-cpu","decoded_format":"cpu-yuv420","nvdec_decode_status":0,"nvdec_decode_status_result":-1,"nvdec_error_concealed":false,"width":257,"height":255,"method":0,"quality":25,"parse_ns":181,"decode_ns":374470,"device_handoff_ns":0,"webp_encode_ns":130267979,"metadata_ns":40,"total_ns":130643411,"images_per_second":7.654424,"decoded_host_to_device_bytes":0,"decoded_device_to_host_bytes":0,"decoded_device_to_device_bytes":0,"verification_psnr_db":-1.000000,"output_bytes":824}	{"operation":"webp_transcode","sequence":0,"backend":"cpu","decline_reason":"unsupported-nvdec-sequence","decoded_format":"cpu-yuv420","nvdec_decode_status":0,"nvdec_decode_status_result":-1,"nvdec_error_concealed":false,"width":257,"height":255,"method":0,"quality":25,"parse_ns":211,"decode_ns":357258,"device_handoff_ns":0,"webp_encode_ns":1754347,"metadata_ns":60,"total_ns":130854224,"images_per_second":7.642092,"decoded_host_to_device_bytes":0,"decoded_device_to_host_bytes":0,"decoded_device_to_device_bytes":0,"verification_psnr_db":-1.000000,"output_bytes":824}
photo	odd-257x255	0	75	5990f929ae5f98544975fffc4efd215c3b1cb28c6b1cb39a05d1664f598d8b31	5990f929ae5f98544975fffc4efd215c3b1cb28c6b1cb39a05d1664f598d8b31	1074	1074	cpu	unsupported-nvdec-sequence	{"operation":"webp_transcode","sequence":0,"backend":"cpu","decline_reason":"forced-cpu","decoded_format":"cpu-yuv420","nvdec_decode_status":0,"nvdec_decode_status_result":-1,"nvdec_error_concealed":false,"width":257,"height":255,"method":0,"quality":75,"parse_ns":120,"decode_ns":358640,"device_handoff_ns":0,"webp_encode_ns":132889074,"metadata_ns":131,"total_ns":133248817,"images_per_second":7.504757,"decoded_host_to_device_bytes":0,"decoded_device_to_host_bytes":0,"decoded_device_to_device_bytes":0,"verification_psnr_db":-1.000000,"output_bytes":1074}	{"operation":"webp_transcode","sequence":0,"backend":"cpu","decline_reason":"unsupported-nvdec-sequence","decoded_format":"cpu-yuv420","nvdec_decode_status":0,"nvdec_decode_status_result":-1,"nvdec_error_concealed":false,"width":257,"height":255,"method":0,"quality":75,"parse_ns":150,"decode_ns":357728,"device_handoff_ns":0,"webp_encode_ns":1777210,"metadata_ns":40,"total_ns":134605350,"images_per_second":7.429125,"decoded_host_to_device_bytes":0,"decoded_device_to_host_bytes":0,"decoded_device_to_device_bytes":0,"verification_psnr_db":-1.000000,"output_bytes":1074}
photo	odd-257x255	0	98	e58df72a25247e4b430d1b8f0ac9c5e21e025cd94a4a269a20f5a0123cc75f5b	e58df72a25247e4b430d1b8f0ac9c5e21e025cd94a4a269a20f5a0123cc75f5b	4564	4564	cpu	unsupported-nvdec-sequence	{"operation":"webp_transcode","sequence":0,"backend":"cpu","decline_reason":"forced-cpu","decoded_format":"cpu-yuv420","nvdec_decode_status":0,"nvdec_decode_status_result":-1,"nvdec_error_concealed":false,"width":257,"height":255,"method":0,"quality":98,"parse_ns":180,"decode_ns":364871,"device_handoff_ns":0,"webp_encode_ns":135272858,"metadata_ns":150,"total_ns":135638801,"images_per_second":7.372522,"decoded_host_to_device_bytes":0,"decoded_device_to_host_bytes":0,"decoded_device_to_device_bytes":0,"verification_psnr_db":-1.000000,"output_bytes":4564}	{"operation":"webp_transcode","sequence":0,"backend":"cpu","decline_reason":"unsupported-nvdec-sequence","decoded_format":"cpu-yuv420","nvdec_decode_status":0,"nvdec_decode_status_result":-1,"nvdec_error_concealed":false,"width":257,"height":255,"method":0,"quality":98,"parse_ns":320,"decode_ns":348171,"device_handoff_ns":0,"webp_encode_ns":2436621,"metadata_ns":40,"total_ns":129862211,"images_per_second":7.700470,"decoded_host_to_device_bytes":0,"decoded_device_to_host_bytes":0,"decoded_device_to_device_bytes":0,"verification_psnr_db":-1.000000,"output_bytes":4564}
photo	odd-257x255	1	25	a794a1e40b8d0b105c65c6c86e1380a54e7d96484f4e152854689aac4366d7f3	a794a1e40b8d0b105c65c6c86e1380a54e7d96484f4e152854689aac4366d7f3	580	580	cpu	unsupported-nvdec-sequence	{"operation":"webp_transcode","sequence":0,"backend":"cpu","decline_reason":"forced-cpu","decoded_format":"cpu-yuv420","nvdec_decode_status":0,"nvdec_decode_status_result":-1,"nvdec_error_concealed":false,"width":257,"height":255,"method":1,"quality":25,"parse_ns":150,"decode_ns":360974,"device_handoff_ns":0,"webp_encode_ns":132114749,"metadata_ns":40,"total_ns":132476604,"images_per_second":7.548503,"decoded_host_to_device_bytes":0,"decoded_device_to_host_bytes":0,"decoded_device_to_device_bytes":0,"verification_psnr_db":-1.000000,"output_bytes":580}	{"operation":"webp_transcode","sequence":0,"backend":"cpu","decline_reason":"unsupported-nvdec-sequence","decoded_format":"cpu-yuv420","nvdec_decode_status":0,"nvdec_decode_status_result":-1,"nvdec_error_concealed":false,"width":257,"height":255,"method":1,"quality":25,"parse_ns":210,"decode_ns":344093,"device_handoff_ns":0,"webp_encode_ns":1900119,"metadata_ns":40,"total_ns":132324641,"images_per_second":7.557171,"decoded_host_to_device_bytes":0,"decoded_device_to_host_bytes":0,"decoded_device_to_device_bytes":0,"verification_psnr_db":-1.000000,"output_bytes":580}
photo	odd-257x255	1	75	07548d123efb3caaad0631892e9fc02efa3ec5894695f30fbc00467c5c3c1a4e	07548d123efb3caaad0631892e9fc02efa3ec5894695f30fbc00467c5c3c1a4e	876	876	cpu	unsupported-nvdec-sequence	{"operation":"webp_transcode","sequence":0,"backend":"cpu","decline_reason":"forced-cpu","decoded_format":"cpu-yuv420","nvdec_decode_status":0,"nvdec_decode_status_result":-1,"nvdec_error_concealed":false,"width":257,"height":255,"method":1,"quality":75,"parse_ns":190,"decode_ns":359582,"device_handoff_ns":0,"webp_encode_ns":129576397,"metadata_ns":40,"total_ns":129936950,"images_per_second":7.696040,"decoded_host_to_device_bytes":0,"decoded_device_to_host_bytes":0,"decoded_device_to_device_bytes":0,"verification_psnr_db":-1.000000,"output_bytes":876}	{"operation":"webp_transcode","sequence":0,"backend":"cpu","decline_reason":"unsupported-nvdec-sequence","decoded_format":"cpu-yuv420","nvdec_decode_status":0,"nvdec_decode_status_result":-1,"nvdec_error_concealed":false,"width":257,"height":255,"method":1,"quality":75,"parse_ns":181,"decode_ns":343712,"device_handoff_ns":0,"webp_encode_ns":1892745,"metadata_ns":50,"total_ns":129206707,"images_per_second":7.739536,"decoded_host_to_device_bytes":0,"decoded_device_to_host_bytes":0,"decoded_device_to_device_bytes":0,"verification_psnr_db":-1.000000,"output_bytes":876}
photo	odd-257x255	1	98	b2d28644c7ca039cf1b18827128ca1911b8e3b48b42f1b8b6ee53523e6956592	b2d28644c7ca039cf1b18827128ca1911b8e3b48b42f1b8b6ee53523e6956592	4500	4500	cpu	unsupported-nvdec-sequence	{"operation":"webp_transcode","sequence":0,"backend":"cpu","decline_reason":"forced-cpu","decoded_format":"cpu-yuv420","nvdec_decode_status":0,"nvdec_decode_status_result":-1,"nvdec_error_concealed":false,"width":257,"height":255,"method":1,"quality":98,"parse_ns":200,"decode_ns":363169,"device_handoff_ns":0,"webp_encode_ns":136181625,"metadata_ns":80,"total_ns":136546116,"images_per_second":7.323533,"decoded_host_to_device_bytes":0,"decoded_device_to_host_bytes":0,"decoded_device_to_device_bytes":0,"verification_psnr_db":-1.000000,"output_bytes":4500}	{"operation":"webp_transcode","sequence":0,"backend":"cpu","decline_reason":"unsupported-nvdec-sequence","decoded_format":"cpu-yuv420","nvdec_decode_status":0,"nvdec_decode_status_result":-1,"nvdec_error_concealed":false,"width":257,"height":255,"method":1,"quality":98,"parse_ns":150,"decode_ns":356436,"device_handoff_ns":0,"webp_encode_ns":2953857,"metadata_ns":50,"total_ns":133559327,"images_per_second":7.487309,"decoded_host_to_device_bytes":0,"decoded_device_to_host_bytes":0,"decoded_device_to_device_bytes":0,"verification_psnr_db":-1.000000,"output_bytes":4500}
photo	odd-257x255	2	25	84f3572f4c420590e346f74a30be4eccd6f30651a365912e3d20a60453a4a006	84f3572f4c420590e346f74a30be4eccd6f30651a365912e3d20a60453a4a006	510	510	cpu	unsupported-nvdec-sequence	{"operation":"webp_transcode","sequence":0,"backend":"cpu","decline_reason":"forced-cpu","decoded_format":"cpu-yuv420","nvdec_decode_status":0,"nvdec_decode_status_result":-1,"nvdec_error_concealed":false,"width":257,"height":255,"method":2,"quality":25,"parse_ns":180,"decode_ns":359982,"device_handoff_ns":0,"webp_encode_ns":137032515,"metadata_ns":80,"total_ns":137393559,"images_per_second":7.278362,"decoded_host_to_device_bytes":0,"decoded_device_to_host_bytes":0,"decoded_device_to_device_bytes":0,"verification_psnr_db":-1.000000,"output_bytes":510}	{"operation":"webp_transcode","sequence":0,"backend":"cpu","decline_reason":"unsupported-nvdec-sequence","decoded_format":"cpu-yuv420","nvdec_decode_status":0,"nvdec_decode_status_result":-1,"nvdec_error_concealed":false,"width":257,"height":255,"method":2,"quality":25,"parse_ns":160,"decode_ns":356696,"device_handoff_ns":0,"webp_encode_ns":1967315,"metadata_ns":40,"total_ns":129919358,"images_per_second":7.697082,"decoded_host_to_device_bytes":0,"decoded_device_to_host_bytes":0,"decoded_device_to_device_bytes":0,"verification_psnr_db":-1.000000,"output_bytes":510}
photo	odd-257x255	2	75	26e9f37efe1769d3679d6314427acccddac304012106954a6021c83a1008a0ec	26e9f37efe1769d3679d6314427acccddac304012106954a6021c83a1008a0ec	858	858	cpu	unsupported-nvdec-sequence	{"operation":"webp_transcode","sequence":0,"backend":"cpu","decline_reason":"forced-cpu","decoded_format":"cpu-yuv420","nvdec_decode_status":0,"nvdec_decode_status_result":-1,"nvdec_error_concealed":false,"width":257,"height":255,"method":2,"quality":75,"parse_ns":151,"decode_ns":352629,"device_handoff_ns":0,"webp_encode_ns":131037015,"metadata_ns":90,"total_ns":131390546,"images_per_second":7.610898,"decoded_host_to_device_bytes":0,"decoded_device_to_host_bytes":0,"decoded_device_to_device_bytes":0,"verification_psnr_db":-1.000000,"output_bytes":858}	{"operation":"webp_transcode","sequence":0,"backend":"cpu","decline_reason":"unsupported-nvdec-sequence","decoded_format":"cpu-yuv420","nvdec_decode_status":0,"nvdec_decode_status_result":-1,"nvdec_error_concealed":false,"width":257,"height":255,"method":2,"quality":75,"parse_ns":180,"decode_ns":376002,"device_handoff_ns":0,"webp_encode_ns":1999615,"metadata_ns":40,"total_ns":134995920,"images_per_second":7.407631,"decoded_host_to_device_bytes":0,"decoded_device_to_host_bytes":0,"decoded_device_to_device_bytes":0,"verification_psnr_db":-1.000000,"output_bytes":858}
photo	odd-257x255	2	98	bdf629abdc94b4ea3b110880e6ffe85ce2ac171d4a4f8fc0b5b5d1f84d26ffd5	bdf629abdc94b4ea3b110880e6ffe85ce2ac171d4a4f8fc0b5b5d1f84d26ffd5	4538	4538	cpu	unsupported-nvdec-sequence	{"operation":"webp_transcode","sequence":0,"backend":"cpu","decline_reason":"forced-cpu","decoded_format":"cpu-yuv420","nvdec_decode_status":0,"nvdec_decode_status_result":-1,"nvdec_error_concealed":false,"width":257,"height":255,"method":2,"quality":98,"parse_ns":150,"decode_ns":369540,"device_handoff_ns":0,"webp_encode_ns":137373692,"metadata_ns":130,"total_ns":137744404,"images_per_second":7.259823,"decoded_host_to_device_bytes":0,"decoded_device_to_host_bytes":0,"decoded_device_to_device_bytes":0,"verification_psnr_db":-1.000000,"output_bytes":4538}	{"operation":"webp_transcode","sequence":0,"backend":"cpu","decline_reason":"unsupported-nvdec-sequence","decoded_format":"cpu-yuv420","nvdec_decode_status":0,"nvdec_decode_status_result":-1,"nvdec_error_concealed":false,"width":257,"height":255,"method":2,"quality":98,"parse_ns":130,"decode_ns":356587,"device_handoff_ns":0,"webp_encode_ns":2988803,"metadata_ns":40,"total_ns":131725862,"images_per_second":7.591524,"decoded_host_to_device_bytes":0,"decoded_device_to_host_bytes":0,"decoded_device_to_device_bytes":0,"verification_psnr_db":-1.000000,"output_bytes":4538}
photo	odd-257x255	3	25	3f520d6cbaf23eff55272bf75272241335b2d79e7860aab215ac37d5d4f34391	3f520d6cbaf23eff55272bf75272241335b2d79e7860aab215ac37d5d4f34391	562	562	cpu	unsupported-nvdec-sequence	{"operation":"webp_transcode","sequence":0,"backend":"cpu","decline_reason":"forced-cpu","decoded_format":"cpu-yuv420","nvdec_decode_status":0,"nvdec_decode_status_result":-1,"nvdec_error_concealed":false,"width":257,"height":255,"method":3,"quality":25,"parse_ns":181,"decode_ns":357127,"device_handoff_ns":0,"webp_encode_ns":135279370,"metadata_ns":40,"total_ns":135637609,"images_per_second":7.372586,"decoded_host_to_device_bytes":0,"decoded_device_to_host_bytes":0,"decoded_device_to_device_bytes":0,"verification_psnr_db":-1.000000,"output_bytes":562}	{"operation":"webp_transcode","sequence":0,"backend":"cpu","decline_reason":"unsupported-nvdec-sequence","decoded_format":"cpu-yuv420","nvdec_decode_status":0,"nvdec_decode_status_result":-1,"nvdec_error_concealed":false,"width":257,"height":255,"method":3,"quality":25,"parse_ns":121,"decode_ns":345064,"device_handoff_ns":0,"webp_encode_ns":5987845,"metadata_ns":41,"total_ns":137320553,"images_per_second":7.282231,"decoded_host_to_device_bytes":0,"decoded_device_to_host_bytes":0,"decoded_device_to_device_bytes":0,"verification_psnr_db":-1.000000,"output_bytes":562}
photo	odd-257x255	3	75	aef562cfc981b0f11b5b4ecd87414679de240e7aeb26a474b89a919cd172d002	aef562cfc981b0f11b5b4ecd87414679de240e7aeb26a474b89a919cd172d002	896	896	cpu	unsupported-nvdec-sequence	{"operation":"webp_transcode","sequence":0,"backend":"cpu","decline_reason":"forced-cpu","decoded_format":"cpu-yuv420","nvdec_decode_status":0,"nvdec_decode_status_result":-1,"nvdec_error_concealed":false,"width":257,"height":255,"method":3,"quality":75,"parse_ns":140,"decode_ns":362998,"device_handoff_ns":0,"webp_encode_ns":134620990,"metadata_ns":80,"total_ns":134985010,"images_per_second":7.408230,"decoded_host_to_device_bytes":0,"decoded_device_to_host_bytes":0,"decoded_device_to_device_bytes":0,"verification_psnr_db":-1.000000,"output_bytes":896}	{"operation":"webp_transcode","sequence":0,"backend":"cpu","decline_reason":"unsupported-nvdec-sequence","decoded_format":"cpu-yuv420","nvdec_decode_status":0,"nvdec_decode_status_result":-1,"nvdec_error_concealed":false,"width":257,"height":255,"method":3,"quality":75,"parse_ns":180,"decode_ns":348581,"device_handoff_ns":0,"webp_encode_ns":6188019,"metadata_ns":50,"total_ns":133876449,"images_per_second":7.469574,"decoded_host_to_device_bytes":0,"decoded_device_to_host_bytes":0,"decoded_device_to_device_bytes":0,"verification_psnr_db":-1.000000,"output_bytes":896}
photo	odd-257x255	3	98	5c4eef0614d5393edcf9120056ffc8089d17fefe5cf13cfcbc66592780a026c7	5c4eef0614d5393edcf9120056ffc8089d17fefe5cf13cfcbc66592780a026c7	3954	3954	cpu	unsupported-nvdec-sequence	{"operation":"webp_transcode","sequence":0,"backend":"cpu","decline_reason":"forced-cpu","decoded_format":"cpu-yuv420","nvdec_decode_status":0,"nvdec_decode_status_result":-1,"nvdec_error_concealed":false,"width":257,"height":255,"method":3,"quality":98,"parse_ns":140,"decode_ns":353821,"device_handoff_ns":0,"webp_encode_ns":134548685,"metadata_ns":40,"total_ns":134903538,"images_per_second":7.412704,"decoded_host_to_device_bytes":0,"decoded_device_to_host_bytes":0,"decoded_device_to_device_bytes":0,"verification_psnr_db":-1.000000,"output_bytes":3954}	{"operation":"webp_transcode","sequence":0,"backend":"cpu","decline_reason":"unsupported-nvdec-sequence","decoded_format":"cpu-yuv420","nvdec_decode_status":0,"nvdec_decode_status_result":-1,"nvdec_error_concealed":false,"width":257,"height":255,"method":3,"quality":98,"parse_ns":140,"decode_ns":358640,"device_handoff_ns":0,"webp_encode_ns":7203556,"metadata_ns":40,"total_ns":137506910,"images_per_second":7.272362,"decoded_host_to_device_bytes":0,"decoded_device_to_host_bytes":0,"decoded_device_to_device_bytes":0,"verification_psnr_db":-1.000000,"output_bytes":3954}
photo	odd-257x255	4	25	9b55f428580a5415f4d21bf5527e23e2e8626ac1631b84da08ab8788a0bb3c93	9b55f428580a5415f4d21bf5527e23e2e8626ac1631b84da08ab8788a0bb3c93	562	562	cpu	unsupported-nvdec-sequence	{"operation":"webp_transcode","sequence":0,"backend":"cpu","decline_reason":"forced-cpu","decoded_format":"cpu-yuv420","nvdec_decode_status":0,"nvdec_decode_status_result":-1,"nvdec_error_concealed":false,"width":257,"height":255,"method":4,"quality":25,"parse_ns":140,"decode_ns":356826,"device_handoff_ns":0,"webp_encode_ns":140102990,"metadata_ns":40,"total_ns":140460608,"images_per_second":7.119434,"decoded_host_to_device_bytes":0,"decoded_device_to_host_bytes":0,"decoded_device_to_device_bytes":0,"verification_psnr_db":-1.000000,"output_bytes":562}	{"operation":"webp_transcode","sequence":0,"backend":"cpu","decline_reason":"unsupported-nvdec-sequence","decoded_format":"cpu-yuv420","nvdec_decode_status":0,"nvdec_decode_status_result":-1,"nvdec_error_concealed":false,"width":257,"height":255,"method":4,"quality":25,"parse_ns":210,"decode_ns":379519,"device_handoff_ns":0,"webp_encode_ns":6096237,"metadata_ns":50,"total_ns":136784290,"images_per_second":7.310781,"decoded_host_to_device_bytes":0,"decoded_device_to_host_bytes":0,"decoded_device_to_device_bytes":0,"verification_psnr_db":-1.000000,"output_bytes":562}
photo	odd-257x255	4	75	aef562cfc981b0f11b5b4ecd87414679de240e7aeb26a474b89a919cd172d002	aef562cfc981b0f11b5b4ecd87414679de240e7aeb26a474b89a919cd172d002	896	896	cpu	unsupported-nvdec-sequence	{"operation":"webp_transcode","sequence":0,"backend":"cpu","decline_reason":"forced-cpu","decoded_format":"cpu-yuv420","nvdec_decode_status":0,"nvdec_decode_status_result":-1,"nvdec_error_concealed":false,"width":257,"height":255,"method":4,"quality":75,"parse_ns":150,"decode_ns":370252,"device_handoff_ns":0,"webp_encode_ns":140447042,"metadata_ns":70,"total_ns":140818115,"images_per_second":7.101359,"decoded_host_to_device_bytes":0,"decoded_device_to_host_bytes":0,"decoded_device_to_device_bytes":0,"verification_psnr_db":-1.000000,"output_bytes":896}	{"operation":"webp_transcode","sequence":0,"backend":"cpu","decline_reason":"unsupported-nvdec-sequence","decoded_format":"cpu-yuv420","nvdec_decode_status":0,"nvdec_decode_status_result":-1,"nvdec_error_concealed":false,"width":257,"height":255,"method":4,"quality":75,"parse_ns":120,"decode_ns":354763,"device_handoff_ns":0,"webp_encode_ns":6325004,"metadata_ns":41,"total_ns":140429500,"images_per_second":7.121011,"decoded_host_to_device_bytes":0,"decoded_device_to_host_bytes":0,"decoded_device_to_device_bytes":0,"verification_psnr_db":-1.000000,"output_bytes":896}
photo	odd-257x255	4	98	93d22a7c5772a0365612fdb6480d95e596a0de60007a9f8a1295b96da0943d27	93d22a7c5772a0365612fdb6480d95e596a0de60007a9f8a1295b96da0943d27	3962	3962	cpu	unsupported-nvdec-sequence	{"operation":"webp_transcode","sequence":0,"backend":"cpu","decline_reason":"forced-cpu","decoded_format":"cpu-yuv420","nvdec_decode_status":0,"nvdec_decode_status_result":-1,"nvdec_error_concealed":false,"width":257,"height":255,"method":4,"quality":98,"parse_ns":190,"decode_ns":359832,"device_handoff_ns":0,"webp_encode_ns":139740453,"metadata_ns":40,"total_ns":140101287,"images_per_second":7.137693,"decoded_host_to_device_bytes":0,"decoded_device_to_host_bytes":0,"decoded_device_to_device_bytes":0,"verification_psnr_db":-1.000000,"output_bytes":3962}	{"operation":"webp_transcode","sequence":0,"backend":"cpu","decline_reason":"unsupported-nvdec-sequence","decoded_format":"cpu-yuv420","nvdec_decode_status":0,"nvdec_decode_status_result":-1,"nvdec_error_concealed":false,"width":257,"height":255,"method":4,"quality":98,"parse_ns":190,"decode_ns":352589,"device_handoff_ns":0,"webp_encode_ns":7231307,"metadata_ns":40,"total_ns":141769032,"images_per_second":7.053727,"decoded_host_to_device_bytes":0,"decoded_device_to_host_bytes":0,"decoded_device_to_device_bytes":0,"verification_psnr_db":-1.000000,"output_bytes":3962}
photo	odd-257x255	5	25	84515a9aa30a8933bb9a6cb5069684e814ef33522c64e2059eb6b8eb7a62d898	84515a9aa30a8933bb9a6cb5069684e814ef33522c64e2059eb6b8eb7a62d898	572	572	cpu	unsupported-nvdec-sequence	{"operation":"webp_transcode","sequence":0,"backend":"cpu","decline_reason":"forced-cpu","decoded_format":"cpu-yuv420","nvdec_decode_status":0,"nvdec_decode_status_result":-1,"nvdec_error_concealed":false,"width":257,"height":255,"method":5,"quality":25,"parse_ns":360,"decode_ns":462884,"device_handoff_ns":0,"webp_encode_ns":139214550,"metadata_ns":90,"total_ns":139679037,"images_per_second":7.159270,"decoded_host_to_device_bytes":0,"decoded_device_to_host_bytes":0,"decoded_device_to_device_bytes":0,"verification_psnr_db":-1.000000,"output_bytes":572}	{"operation":"webp_transcode","sequence":0,"backend":"cpu","decline_reason":"unsupported-nvdec-sequence","decoded_format":"cpu-yuv420","nvdec_decode_status":0,"nvdec_decode_status_result":-1,"nvdec_error_concealed":false,"width":257,"height":255,"method":5,"quality":25,"parse_ns":190,"decode_ns":363829,"device_handoff_ns":0,"webp_encode_ns":8188786,"metadata_ns":40,"total_ns":139885003,"images_per_second":7.148729,"decoded_host_to_device_bytes":0,"decoded_device_to_host_bytes":0,"decoded_device_to_device_bytes":0,"verification_psnr_db":-1.000000,"output_bytes":572}
photo	odd-257x255	5	75	43af570791eea3d45c419d023ab48e520b4ed7fe55119e3c2acd7c32952ce7ab	43af570791eea3d45c419d023ab48e520b4ed7fe55119e3c2acd7c32952ce7ab	904	904	cpu	unsupported-nvdec-sequence	{"operation":"webp_transcode","sequence":0,"backend":"cpu","decline_reason":"forced-cpu","decoded_format":"cpu-yuv420","nvdec_decode_status":0,"nvdec_decode_status_result":-1,"nvdec_error_concealed":false,"width":257,"height":255,"method":5,"quality":75,"parse_ns":140,"decode_ns":372155,"device_handoff_ns":0,"webp_encode_ns":137641682,"metadata_ns":70,"total_ns":138014739,"images_per_second":7.245603,"decoded_host_to_device_bytes":0,"decoded_device_to_host_bytes":0,"decoded_device_to_device_bytes":0,"verification_psnr_db":-1.000000,"output_bytes":904}	{"operation":"webp_transcode","sequence":0,"backend":"cpu","decline_reason":"unsupported-nvdec-sequence","decoded_format":"cpu-yuv420","nvdec_decode_status":0,"nvdec_decode_status_result":-1,"nvdec_error_concealed":false,"width":257,"height":255,"method":5,"quality":75,"parse_ns":141,"decode_ns":355434,"device_handoff_ns":0,"webp_encode_ns":8399670,"metadata_ns":40,"total_ns":140680178,"images_per_second":7.108322,"decoded_host_to_device_bytes":0,"decoded_device_to_host_bytes":0,"decoded_device_to_device_bytes":0,"verification_psnr_db":-1.000000,"output_bytes":904}
photo	odd-257x255	5	98	68c1d6791bb85b39fb842dd7d359c3d9b2790b646d7a0f5766d7ec3d8be637c4	68c1d6791bb85b39fb842dd7d359c3d9b2790b646d7a0f5766d7ec3d8be637c4	3886	3886	cpu	unsupported-nvdec-sequence	{"operation":"webp_transcode","sequence":0,"backend":"cpu","decline_reason":"forced-cpu","decoded_format":"cpu-yuv420","nvdec_decode_status":0,"nvdec_decode_status_result":-1,"nvdec_error_concealed":false,"width":257,"height":255,"method":5,"quality":98,"parse_ns":150,"decode_ns":362668,"device_handoff_ns":0,"webp_encode_ns":137027004,"metadata_ns":40,"total_ns":137391004,"images_per_second":7.278497,"decoded_host_to_device_bytes":0,"decoded_device_to_host_bytes":0,"decoded_device_to_device_bytes":0,"verification_psnr_db":-1.000000,"output_bytes":3886}	{"operation":"webp_transcode","sequence":0,"backend":"cpu","decline_reason":"unsupported-nvdec-sequence","decoded_format":"cpu-yuv420","nvdec_decode_status":0,"nvdec_decode_status_result":-1,"nvdec_error_concealed":false,"width":257,"height":255,"method":5,"quality":98,"parse_ns":140,"decode_ns":383586,"device_handoff_ns":0,"webp_encode_ns":9749552,"metadata_ns":50,"total_ns":137982889,"images_per_second":7.247275,"decoded_host_to_device_bytes":0,"decoded_device_to_host_bytes":0,"decoded_device_to_device_bytes":0,"verification_psnr_db":-1.000000,"output_bytes":3886}
photo	odd-257x255	6	25	9b55f428580a5415f4d21bf5527e23e2e8626ac1631b84da08ab8788a0bb3c93	9b55f428580a5415f4d21bf5527e23e2e8626ac1631b84da08ab8788a0bb3c93	562	562	cpu	unsupported-nvdec-sequence	{"operation":"webp_transcode","sequence":0,"backend":"cpu","decline_reason":"forced-cpu","decoded_format":"cpu-yuv420","nvdec_decode_status":0,"nvdec_decode_status_result":-1,"nvdec_error_concealed":false,"width":257,"height":255,"method":6,"quality":25,"parse_ns":181,"decode_ns":367657,"device_handoff_ns":0,"webp_encode_ns":136739577,"metadata_ns":40,"total_ns":137108236,"images_per_second":7.293508,"decoded_host_to_device_bytes":0,"decoded_device_to_host_bytes":0,"decoded_device_to_device_bytes":0,"verification_psnr_db":-1.000000,"output_bytes":562}	{"operation":"webp_transcode","sequence":0,"backend":"cpu","decline_reason":"unsupported-nvdec-sequence","decoded_format":"cpu-yuv420","nvdec_decode_status":0,"nvdec_decode_status_result":-1,"nvdec_error_concealed":false,"width":257,"height":255,"method":6,"quality":25,"parse_ns":151,"decode_ns":336138,"device_handoff_ns":0,"webp_encode_ns":7135508,"metadata_ns":40,"total_ns":134843446,"images_per_second":7.416007,"decoded_host_to_device_bytes":0,"decoded_device_to_host_bytes":0,"decoded_device_to_device_bytes":0,"verification_psnr_db":-1.000000,"output_bytes":562}
photo	odd-257x255	6	75	aef562cfc981b0f11b5b4ecd87414679de240e7aeb26a474b89a919cd172d002	aef562cfc981b0f11b5b4ecd87414679de240e7aeb26a474b89a919cd172d002	896	896	cpu	unsupported-nvdec-sequence	{"operation":"webp_transcode","sequence":0,"backend":"cpu","decline_reason":"forced-cpu","decoded_format":"cpu-yuv420","nvdec_decode_status":0,"nvdec_decode_status_result":-1,"nvdec_error_concealed":false,"width":257,"height":255,"method":6,"quality":75,"parse_ns":190,"decode_ns":360613,"device_handoff_ns":0,"webp_encode_ns":144207978,"metadata_ns":51,"total_ns":144569553,"images_per_second":6.917086,"decoded_host_to_device_bytes":0,"decoded_device_to_host_bytes":0,"decoded_device_to_device_bytes":0,"verification_psnr_db":-1.000000,"output_bytes":896}	{"operation":"webp_transcode","sequence":0,"backend":"cpu","decline_reason":"unsupported-nvdec-sequence","decoded_format":"cpu-yuv420","nvdec_decode_status":0,"nvdec_decode_status_result":-1,"nvdec_error_concealed":false,"width":257,"height":255,"method":6,"quality":75,"parse_ns":200,"decode_ns":352489,"device_handoff_ns":0,"webp_encode_ns":7703810,"metadata_ns":80,"total_ns":134595582,"images_per_second":7.429664,"decoded_host_to_device_bytes":0,"decoded_device_to_host_bytes":0,"decoded_device_to_device_bytes":0,"verification_psnr_db":-1.000000,"output_bytes":896}
photo	odd-257x255	6	98	02c4670555d5d5db52a336b06dd5e2b9f4ea8b7f0b5af9c6bb57e7132d4dd2ab	02c4670555d5d5db52a336b06dd5e2b9f4ea8b7f0b5af9c6bb57e7132d4dd2ab	3618	3618	cpu	unsupported-nvdec-sequence	{"operation":"webp_transcode","sequence":0,"backend":"cpu","decline_reason":"forced-cpu","decoded_format":"cpu-yuv420","nvdec_decode_status":0,"nvdec_decode_status_result":-1,"nvdec_error_concealed":false,"width":257,"height":255,"method":6,"quality":98,"parse_ns":130,"decode_ns":376783,"device_handoff_ns":0,"webp_encode_ns":138167986,"metadata_ns":40,"total_ns":138545701,"images_per_second":7.217835,"decoded_host_to_device_bytes":0,"decoded_device_to_host_bytes":0,"decoded_device_to_device_bytes":0,"verification_psnr_db":-1.000000,"output_bytes":3618}	{"operation":"webp_transcode","sequence":0,"backend":"cpu","decline_reason":"unsupported-nvdec-sequence","decoded_format":"cpu-yuv420","nvdec_decode_status":0,"nvdec_decode_status_result":-1,"nvdec_error_concealed":false,"width":257,"height":255,"method":6,"quality":98,"parse_ns":151,"decode_ns":351477,"device_handoff_ns":0,"webp_encode_ns":10166510,"metadata_ns":50,"total_ns":138395380,"images_per_second":7.225675,"decoded_host_to_device_bytes":0,"decoded_device_to_host_bytes":0,"decoded_device_to_device_bytes":0,"verification_psnr_db":-1.000000,"output_bytes":3618}
texture	tiny-17x13	0	25	5d016b4632d836e1bc6b2904c5e683492c8c38f14aaeac8ffd6e65b860c86a97	5d016b4632d836e1bc6b2904c5e683492c8c38f14aaeac8ffd6e65b860c86a97	52	52	cpu	unsupported-nvdec-sequence	{"operation":"webp_transcode","sequence":0,"backend":"cpu","decline_reason":"forced-cpu","decoded_format":"cpu-yuv420","nvdec_decode_status":0,"nvdec_decode_status_result":-1,"nvdec_error_concealed":false,"width":17,"height":13,"method":0,"quality":25,"parse_ns":140,"decode_ns":46888,"device_handoff_ns":0,"webp_encode_ns":136396506,"metadata_ns":50,"total_ns":136444305,"images_per_second":7.328998,"decoded_host_to_device_bytes":0,"decoded_device_to_host_bytes":0,"decoded_device_to_device_bytes":0,"verification_psnr_db":-1.000000,"output_bytes":52}	{"operation":"webp_transcode","sequence":0,"backend":"cpu","decline_reason":"unsupported-nvdec-sequence","decoded_format":"cpu-yuv420","nvdec_decode_status":0,"nvdec_decode_status_result":-1,"nvdec_error_concealed":false,"width":17,"height":13,"method":0,"quality":25,"parse_ns":140,"decode_ns":34074,"device_handoff_ns":0,"webp_encode_ns":1393062,"metadata_ns":60,"total_ns":140230417,"images_per_second":7.131120,"decoded_host_to_device_bytes":0,"decoded_device_to_host_bytes":0,"decoded_device_to_device_bytes":0,"verification_psnr_db":-1.000000,"output_bytes":52}
texture	tiny-17x13	0	75	95b581d6c528583900c6e116a1b954afd68b09710fe4e06d8e8d2da38332dc63	95b581d6c528583900c6e116a1b954afd68b09710fe4e06d8e8d2da38332dc63	54	54	cpu	unsupported-nvdec-sequence	{"operation":"webp_transcode","sequence":0,"backend":"cpu","decline_reason":"forced-cpu","decoded_format":"cpu-yuv420","nvdec_decode_status":0,"nvdec_decode_status_result":-1,"nvdec_error_concealed":false,"width":17,"height":13,"method":0,"quality":75,"parse_ns":181,"decode_ns":47750,"device_handoff_ns":0,"webp_encode_ns":130375569,"metadata_ns":50,"total_ns":130424461,"images_per_second":7.667273,"decoded_host_to_device_bytes":0,"decoded_device_to_host_bytes":0,"decoded_device_to_device_bytes":0,"verification_psnr_db":-1.000000,"output_bytes":54}	{"operation":"webp_transcode","sequence":0,"backend":"cpu","decline_reason":"unsupported-nvdec-sequence","decoded_format":"cpu-yuv420","nvdec_decode_status":0,"nvdec_decode_status_result":-1,"nvdec_error_concealed":false,"width":17,"height":13,"method":0,"quality":75,"parse_ns":170,"decode_ns":34946,"device_handoff_ns":0,"webp_encode_ns":1392481,"metadata_ns":40,"total_ns":129229068,"images_per_second":7.738197,"decoded_host_to_device_bytes":0,"decoded_device_to_host_bytes":0,"decoded_device_to_device_bytes":0,"verification_psnr_db":-1.000000,"output_bytes":54}
texture	tiny-17x13	0	98	1b6f0c99b81023711a224127c8df7cf0f1da89316aed8aae0f2dbd5b37bbc5c4	1b6f0c99b81023711a224127c8df7cf0f1da89316aed8aae0f2dbd5b37bbc5c4	56	56	cpu	unsupported-nvdec-sequence	{"operation":"webp_transcode","sequence":0,"backend":"cpu","decline_reason":"forced-cpu","decoded_format":"cpu-yuv420","nvdec_decode_status":0,"nvdec_decode_status_result":-1,"nvdec_error_concealed":false,"width":17,"height":13,"method":0,"quality":98,"parse_ns":150,"decode_ns":49552,"device_handoff_ns":0,"webp_encode_ns":136153472,"metadata_ns":50,"total_ns":136204417,"images_per_second":7.341906,"decoded_host_to_device_bytes":0,"decoded_device_to_host_bytes":0,"decoded_device_to_device_bytes":0,"verification_psnr_db":-1.000000,"output_bytes":56}	{"operation":"webp_transcode","sequence":0,"backend":"cpu","decline_reason":"unsupported-nvdec-sequence","decoded_format":"cpu-yuv420","nvdec_decode_status":0,"nvdec_decode_status_result":-1,"nvdec_error_concealed":false,"width":17,"height":13,"method":0,"quality":98,"parse_ns":301,"decode_ns":38271,"device_handoff_ns":0,"webp_encode_ns":1375790,"metadata_ns":40,"total_ns":130209439,"images_per_second":7.679935,"decoded_host_to_device_bytes":0,"decoded_device_to_host_bytes":0,"decoded_device_to_device_bytes":0,"verification_psnr_db":-1.000000,"output_bytes":56}
texture	tiny-17x13	1	25	5d016b4632d836e1bc6b2904c5e683492c8c38f14aaeac8ffd6e65b860c86a97	5d016b4632d836e1bc6b2904c5e683492c8c38f14aaeac8ffd6e65b860c86a97	52	52	cpu	unsupported-nvdec-sequence	{"operation":"webp_transcode","sequence":0,"backend":"cpu","decline_reason":"forced-cpu","decoded_format":"cpu-yuv420","nvdec_decode_status":0,"nvdec_decode_status_result":-1,"nvdec_error_concealed":false,"width":17,"height":13,"method":1,"quality":25,"parse_ns":141,"decode_ns":51857,"device_handoff_ns":0,"webp_encode_ns":137056729,"metadata_ns":81,"total_ns":137109689,"images_per_second":7.293431,"decoded_host_to_device_bytes":0,"decoded_device_to_host_bytes":0,"decoded_device_to_device_bytes":0,"verification_psnr_db":-1.000000,"output_bytes":52}	{"operation":"webp_transcode","sequence":0,"backend":"cpu","decline_reason":"unsupported-nvdec-sequence","decoded_format":"cpu-yuv420","nvdec_decode_status":0,"nvdec_decode_status_result":-1,"nvdec_error_concealed":false,"width":17,"height":13,"method":1,"quality":25,"parse_ns":140,"decode_ns":37530,"device_handoff_ns":0,"webp_encode_ns":1366913,"metadata_ns":40,"total_ns":128989801,"images_per_second":7.752551,"decoded_host_to_device_bytes":0,"decoded_device_to_host_bytes":0,"decoded_device_to_device_bytes":0,"verification_psnr_db":-1.000000,"output_bytes":52}
texture	tiny-17x13	1	75	95b581d6c528583900c6e116a1b954afd68b09710fe4e06d8e8d2da38332dc63	95b581d6c528583900c6e116a1b954afd68b09710fe4e06d8e8d2da38332dc63	54	54	cpu	unsupported-nvdec-sequence	{"operation":"webp_transcode","sequence":0,"backend":"cpu","decline_reason":"forced-cpu","decoded_format":"cpu-yuv420","nvdec_decode_status":0,"nvdec_decode_status_result":-1,"nvdec_error_concealed":false,"width":17,"height":13,"method":1,"quality":75,"parse_ns":441,"decode_ns":49202,"device_handoff_ns":0,"webp_encode_ns":135187468,"metadata_ns":131,"total_ns":135238153,"images_per_second":7.394363,"decoded_host_to_device_bytes":0,"decoded_device_to_host_bytes":0,"decoded_device_to_device_bytes":0,"verification_psnr_db":-1.000000,"output_bytes":54}	{"operation":"webp_transcode","sequence":0,"backend":"cpu","decline_reason":"unsupported-nvdec-sequence","decoded_format":"cpu-yuv420","nvdec_decode_status":0,"nvdec_decode_status_result":-1,"nvdec_error_concealed":false,"width":17,"height":13,"method":1,"quality":75,"parse_ns":201,"decode_ns":34835,"device_handoff_ns":0,"webp_encode_ns":1409973,"metadata_ns":40,"total_ns":133760563,"images_per_second":7.476045,"decoded_host_to_device_bytes":0,"decoded_device_to_host_bytes":0,"decoded_device_to_device_bytes":0,"verification_psnr_db":-1.000000,"output_bytes":54}
texture	tiny-17x13	1	98	1b6f0c99b81023711a224127c8df7cf0f1da89316aed8aae0f2dbd5b37bbc5c4	1b6f0c99b81023711a224127c8df7cf0f1da89316aed8aae0f2dbd5b37bbc5c4	56	56	cpu	unsupported-nvdec-sequence	{"operation":"webp_transcode","sequence":0,"backend":"cpu","decline_reason":"forced-cpu","decoded_format":"cpu-yuv420","nvdec_decode_status":0,"nvdec_decode_status_result":-1,"nvdec_error_concealed":false,"width":17,"height":13,"method":1,"quality":98,"parse_ns":190,"decode_ns":59711,"device_handoff_ns":0,"webp_encode_ns":131945031,"metadata_ns":40,"total_ns":132011716,"images_per_second":7.575085,"decoded_host_to_device_bytes":0,"decoded_device_to_host_bytes":0,"decoded_device_to_device_bytes":0,"verification_psnr_db":-1.000000,"output_bytes":56}	{"operation":"webp_transcode","sequence":0,"backend":"cpu","decline_reason":"unsupported-nvdec-sequence","decoded_format":"cpu-yuv420","nvdec_decode_status":0,"nvdec_decode_status_result":-1,"nvdec_error_concealed":false,"width":17,"height":13,"method":1,"quality":98,"parse_ns":181,"decode_ns":35646,"device_handoff_ns":0,"webp_encode_ns":1512877,"metadata_ns":40,"total_ns":133229561,"images_per_second":7.505842,"decoded_host_to_device_bytes":0,"decoded_device_to_host_bytes":0,"decoded_device_to_device_bytes":0,"verification_psnr_db":-1.000000,"output_bytes":56}
texture	tiny-17x13	2	25	22391a2d6bf3ab30ff89afb72968edc95dcf0d9b914784c6a832cb7ed87b012f	22391a2d6bf3ab30ff89afb72968edc95dcf0d9b914784c6a832cb7ed87b012f	56	56	cpu	unsupported-nvdec-sequence	{"operation":"webp_transcode","sequence":0,"backend":"cpu","decline_reason":"forced-cpu","decoded_format":"cpu-yuv420","nvdec_decode_status":0,"nvdec_decode_status_result":-1,"nvdec_error_concealed":false,"width":17,"height":13,"method":2,"quality":25,"parse_ns":180,"decode_ns":46677,"device_handoff_ns":0,"webp_encode_ns":128640469,"metadata_ns":120,"total_ns":128688298,"images_per_second":7.770714,"decoded_host_to_device_bytes":0,"decoded_device_to_host_bytes":0,"decoded_device_to_device_bytes":0,"verification_psnr_db":-1.000000,"output_bytes":56}	{"operation":"webp_transcode","sequence":0,"backend":"cpu","decline_reason":"unsupported-nvdec-sequence","decoded_format":"cpu-yuv420","nvdec_decode_status":0,"nvdec_decode_status_result":-1,"nvdec_error_concealed":false,"width":17,"height":13,"method":2,"quality":25,"parse_ns":191,"decode_ns":38753,"device_handoff_ns":0,"webp_encode_ns":1385798,"metadata_ns":210,"total_ns":128752198,"images_per_second":7.766858,"decoded_host_to_device_bytes":0,"decoded_device_to_host_bytes":0,"decoded_device_to_device_bytes":0,"verification_psnr_db":-1.000000,"output_bytes":56}
texture	tiny-17x13	2	75	b43dc6c27045beb449b6ce60d9024143e98239c60af2a78f052df5ae48562fcb	b43dc6c27045beb449b6ce60d9024143e98239c60af2a78f052df5ae48562fcb	58	58	cpu	unsupported-nvdec-sequence	{"operation":"webp_transcode","sequence":0,"backend":"cpu","decline_reason":"forced-cpu","decoded_format":"cpu-yuv420","nvdec_decode_status":0,"nvdec_decode_status_result":-1,"nvdec_error_concealed":false,"width":17,"height":13,"method":2,"quality":75,"parse_ns":181,"decode_ns":45365,"device_handoff_ns":0,"webp_encode_ns":130241780,"metadata_ns":120,"total_ns":130288217,"images_per_second":7.675291,"decoded_host_to_device_bytes":0,"decoded_device_to_host_bytes":0,"decoded_device_to_device_bytes":0,"verification_psnr_db":-1.000000,"output_bytes":58}	{"operation":"webp_transcode","sequence":0,"backend":"cpu","decline_reason":"unsupported-nvdec-sequence","decoded_format":"cpu-yuv420","nvdec_decode_status":0,"nvdec_decode_status_result":-1,"nvdec_error_concealed":false,"width":17,"height":13,"method":2,"quality":75,"parse_ns":190,"decode_ns":40515,"device_handoff_ns":0,"webp_encode_ns":1358618,"metadata_ns":40,"total_ns":129288279,"images_per_second":7.734653,"decoded_host_to_device_bytes":0,"decoded_device_to_host_bytes":0,"decoded_device_to_device_bytes":0,"verification_psnr_db":-1.000000,"output_bytes":58}
texture	tiny-17x13	2	98	641d4be6a937cb2032f23e67d08164fdcfe95ea95f2c73d85c7c709273fb334d	641d4be6a937cb2032f23e67d08164fdcfe95ea95f2c73d85c7c709273fb334d	52	52	cpu	unsupported-nvdec-sequence	{"operation":"webp_transcode","sequence":0,"backend":"cpu","decline_reason":"forced-cpu","decoded_format":"cpu-yuv420","nvdec_decode_status":0,"nvdec_decode_status_result":-1,"nvdec_error_concealed":false,"width":17,"height":13,"method":2,"quality":98,"parse_ns":171,"decode_ns":44904,"device_handoff_ns":0,"webp_encode_ns":136952956,"metadata_ns":40,"total_ns":136999082,"images_per_second":7.299319,"decoded_host_to_device_bytes":0,"decoded_device_to_host_bytes":0,"decoded_device_to_device_bytes":0,"verification_psnr_db":-1.000000,"output_bytes":52}	{"operation":"webp_transcode","sequence":0,"backend":"cpu","decline_reason":"unsupported-nvdec-sequence","decoded_format":"cpu-yuv420","nvdec_decode_status":0,"nvdec_decode_status_result":-1,"nvdec_error_concealed":false,"width":17,"height":13,"method":2,"quality":98,"parse_ns":160,"decode_ns":38802,"device_handoff_ns":0,"webp_encode_ns":1340123,"metadata_ns":40,"total_ns":129304679,"images_per_second":7.733672,"decoded_host_to_device_bytes":0,"decoded_device_to_host_bytes":0,"decoded_device_to_device_bytes":0,"verification_psnr_db":-1.000000,"output_bytes":52}
texture	tiny-17x13	3	25	8d40e4a1d89139385e8c468a36e3842262da1b77971a5f2dfc010bf0802ccd23	8d40e4a1d89139385e8c468a36e3842262da1b77971a5f2dfc010bf0802ccd23	56	56	cpu	unsupported-nvdec-sequence	{"operation":"webp_transcode","sequence":0,"backend":"cpu","decline_reason":"forced-cpu","decoded_format":"cpu-yuv420","nvdec_decode_status":0,"nvdec_decode_status_result":-1,"nvdec_error_concealed":false,"width":17,"height":13,"method":3,"quality":25,"parse_ns":190,"decode_ns":51085,"device_handoff_ns":0,"webp_encode_ns":135381681,"metadata_ns":80,"total_ns":135433908,"images_per_second":7.383675,"decoded_host_to_device_bytes":0,"decoded_device_to_host_bytes":0,"decoded_device_to_device_bytes":0,"verification_psnr_db":-1.000000,"output_bytes":56}	{"operation":"webp_transcode","sequence":0,"backend":"cpu","decline_reason":"unsupported-nvdec-sequence","decoded_format":"cpu-yuv420","nvdec_decode_status":0,"nvdec_decode_status_result":-1,"nvdec_error_concealed":false,"width":17,"height":13,"method":3,"quality":25,"parse_ns":301,"decode_ns":36729,"device_handoff_ns":0,"webp_encode_ns":2801282,"metadata_ns":80,"total_ns":138095199,"images_per_second":7.241381,"decoded_host_to_device_bytes":0,"decoded_device_to_host_bytes":0,"decoded_device_to_device_bytes":0,"verification_psnr_db":-1.000000,"output_bytes":56}
texture	tiny-17x13	3	75	88b21ba9e61a22e7e164e4d5154211e78a0902830dfd9295798390e4e9785df4	88b21ba9e61a22e7e164e4d5154211e78a0902830dfd9295798390e4e9785df4	56	56	cpu	unsupported-nvdec-sequence	{"operation":"webp_transcode","sequence":0,"backend":"cpu","decline_reason":"forced-cpu","decoded_format":"cpu-yuv420","nvdec_decode_status":0,"nvdec_decode_status_result":-1,"nvdec_error_concealed":false,"width":17,"height":13,"method":3,"quality":75,"parse_ns":211,"decode_ns":52829,"device_handoff_ns":0,"webp_encode_ns":137857916,"metadata_ns":40,"total_ns":137911697,"images_per_second":7.251017,"decoded_host_to_device_bytes":0,"decoded_device_to_host_bytes":0,"decoded_device_to_device_bytes":0,"verification_psnr_db":-1.000000,"output_bytes":56}	{"operation":"webp_transcode","sequence":0,"backend":"cpu","decline_reason":"unsupported-nvdec-sequence","decoded_format":"cpu-yuv420","nvdec_decode_status":0,"nvdec_decode_status_result":-1,"nvdec_error_concealed":false,"width":17,"height":13,"method":3,"quality":75,"parse_ns":141,"decode_ns":38993,"device_handoff_ns":0,"webp_encode_ns":2650781,"metadata_ns":51,"total_ns":132766336,"images_per_second":7.532030,"decoded_host_to_device_bytes":0,"decoded_device_to_host_bytes":0,"decoded_device_to_device_bytes":0,"verification_psnr_db":-1.000000,"output_bytes":56}
texture	tiny-17x13	3	98	703b929783c0c58855037efaf38b4f12dd5dfab1b7109ced46bd3bac69bbcab3	703b929783c0c58855037efaf38b4f12dd5dfab1b7109ced46bd3bac69bbcab3	52	52	cpu	unsupported-nvdec-sequence	{"operation":"webp_transcode","sequence":0,"backend":"cpu","decline_reason":"forced-cpu","decoded_format":"cpu-yuv420","nvdec_decode_status":0,"nvdec_decode_status_result":-1,"nvdec_error_concealed":false,"width":17,"height":13,"method":3,"quality":98,"parse_ns":140,"decode_ns":54552,"device_handoff_ns":0,"webp_encode_ns":135611830,"metadata_ns":40,"total_ns":135667314,"images_per_second":7.370972,"decoded_host_to_device_bytes":0,"decoded_device_to_host_bytes":0,"decoded_device_to_device_bytes":0,"verification_psnr_db":-1.000000,"output_bytes":52}	{"operation":"webp_transcode","sequence":0,"backend":"cpu","decline_reason":"unsupported-nvdec-sequence","decoded_format":"cpu-yuv420","nvdec_decode_status":0,"nvdec_decode_status_result":-1,"nvdec_error_concealed":false,"width":17,"height":13,"method":3,"quality":98,"parse_ns":150,"decode_ns":37730,"device_handoff_ns":0,"webp_encode_ns":2534774,"metadata_ns":40,"total_ns":129452506,"images_per_second":7.724841,"decoded_host_to_device_bytes":0,"decoded_device_to_host_bytes":0,"decoded_device_to_device_bytes":0,"verification_psnr_db":-1.000000,"output_bytes":52}
texture	tiny-17x13	4	25	8d40e4a1d89139385e8c468a36e3842262da1b77971a5f2dfc010bf0802ccd23	8d40e4a1d89139385e8c468a36e3842262da1b77971a5f2dfc010bf0802ccd23	56	56	cpu	unsupported-nvdec-sequence	{"operation":"webp_transcode","sequence":0,"backend":"cpu","decline_reason":"forced-cpu","decoded_format":"cpu-yuv420","nvdec_decode_status":0,"nvdec_decode_status_result":-1,"nvdec_error_concealed":false,"width":17,"height":13,"method":4,"quality":25,"parse_ns":180,"decode_ns":45625,"device_handoff_ns":0,"webp_encode_ns":133178535,"metadata_ns":80,"total_ns":133225102,"images_per_second":7.506093,"decoded_host_to_device_bytes":0,"decoded_device_to_host_bytes":0,"decoded_device_to_device_bytes":0,"verification_psnr_db":-1.000000,"output_bytes":56}	{"operation":"webp_transcode","sequence":0,"backend":"cpu","decline_reason":"unsupported-nvdec-sequence","decoded_format":"cpu-yuv420","nvdec_decode_status":0,"nvdec_decode_status_result":-1,"nvdec_error_concealed":false,"width":17,"height":13,"method":4,"quality":25,"parse_ns":240,"decode_ns":38001,"device_handoff_ns":0,"webp_encode_ns":2431522,"metadata_ns":40,"total_ns":133492101,"images_per_second":7.491080,"decoded_host_to_device_bytes":0,"decoded_device_to_host_bytes":0,"decoded_device_to_device_bytes":0,"verification_psnr_db":-1.000000,"output_bytes":56}
texture	tiny-17x13	4	75	88b21ba9e61a22e7e164e4d5154211e78a0902830dfd9295798390e4e9785df4	88b21ba9e61a22e7e164e4d5154211e78a0902830dfd9295798390e4e9785df4	56	56	cpu	unsupported-nvdec-sequence	{"operation":"webp_transcode","sequence":0,"backend":"cpu","decline_reason":"forced-cpu","decoded_format":"cpu-yuv420","nvdec_decode_status":0,"nvdec_decode_status_result":-1,"nvdec_error_concealed":false,"width":17,"height":13,"method":4,"quality":75,"parse_ns":180,"decode_ns":50504,"device_handoff_ns":0,"webp_encode_ns":130830890,"metadata_ns":41,"total_ns":130882206,"images_per_second":7.640458,"decoded_host_to_device_bytes":0,"decoded_device_to_host_bytes":0,"decoded_device_to_device_bytes":0,"verification_psnr_db":-1.000000,"output_bytes":56}	{"operation":"webp_transcode","sequence":0,"backend":"cpu","decline_reason":"unsupported-nvdec-sequence","decoded_format":"cpu-yuv420","nvdec_decode_status":0,"nvdec_decode_status_result":-1,"nvdec_error_concealed":false,"width":17,"height":13,"method":4,"quality":75,"parse_ns":130,"decode_ns":33633,"device_handoff_ns":0,"webp_encode_ns":2508065,"metadata_ns":50,"total_ns":131548661,"images_per_second":7.601750,"decoded_host_to_device_bytes":0,"decoded_device_to_host_bytes":0,"decoded_device_to_device_bytes":0,"verification_psnr_db":-1.000000,"output_bytes":56}
texture	tiny-17x13	4	98	703b929783c0c58855037efaf38b4f12dd5dfab1b7109ced46bd3bac69bbcab3	703b929783c0c58855037efaf38b4f12dd5dfab1b7109ced46bd3bac69bbcab3	52	52	cpu	unsupported-nvdec-sequence	{"operation":"webp_transcode","sequence":0,"backend":"cpu","decline_reason":"forced-cpu","decoded_format":"cpu-yuv420","nvdec_decode_status":0,"nvdec_decode_status_result":-1,"nvdec_error_concealed":false,"width":17,"height":13,"method":4,"quality":98,"parse_ns":180,"decode_ns":51726,"device_handoff_ns":0,"webp_encode_ns":130966975,"metadata_ns":81,"total_ns":131019593,"images_per_second":7.632446,"decoded_host_to_device_bytes":0,"decoded_device_to_host_bytes":0,"decoded_device_to_device_bytes":0,"verification_psnr_db":-1.000000,"output_bytes":52}	{"operation":"webp_transcode","sequence":0,"backend":"cpu","decline_reason":"unsupported-nvdec-sequence","decoded_format":"cpu-yuv420","nvdec_decode_status":0,"nvdec_decode_status_result":-1,"nvdec_error_concealed":false,"width":17,"height":13,"method":4,"quality":98,"parse_ns":311,"decode_ns":38261,"device_handoff_ns":0,"webp_encode_ns":2550584,"metadata_ns":30,"total_ns":135184072,"images_per_second":7.397321,"decoded_host_to_device_bytes":0,"decoded_device_to_host_bytes":0,"decoded_device_to_device_bytes":0,"verification_psnr_db":-1.000000,"output_bytes":52}
texture	tiny-17x13	5	25	8d40e4a1d89139385e8c468a36e3842262da1b77971a5f2dfc010bf0802ccd23	8d40e4a1d89139385e8c468a36e3842262da1b77971a5f2dfc010bf0802ccd23	56	56	cpu	unsupported-nvdec-sequence	{"operation":"webp_transcode","sequence":0,"backend":"cpu","decline_reason":"forced-cpu","decoded_format":"cpu-yuv420","nvdec_decode_status":0,"nvdec_decode_status_result":-1,"nvdec_error_concealed":false,"width":17,"height":13,"method":5,"quality":25,"parse_ns":180,"decode_ns":53860,"device_handoff_ns":0,"webp_encode_ns":130159998,"metadata_ns":110,"total_ns":130215170,"images_per_second":7.679597,"decoded_host_to_device_bytes":0,"decoded_device_to_host_bytes":0,"decoded_device_to_device_bytes":0,"verification_psnr_db":-1.000000,"output_bytes":56}	{"operation":"webp_transcode","sequence":0,"backend":"cpu","decline_reason":"unsupported-nvdec-sequence","decoded_format":"cpu-yuv420","nvdec_decode_status":0,"nvdec_decode_status_result":-1,"nvdec_error_concealed":false,"width":17,"height":13,"method":5,"quality":25,"parse_ns":211,"decode_ns":47529,"device_handoff_ns":0,"webp_encode_ns":2646403,"metadata_ns":40,"total_ns":135213036,"images_per_second":7.395737,"decoded_host_to_device_bytes":0,"decoded_device_to_host_bytes":0,"decoded_device_to_device_bytes":0,"verification_psnr_db":-1.000000,"output_bytes":56}
texture	tiny-17x13	5	75	88b21ba9e61a22e7e164e4d5154211e78a0902830dfd9295798390e4e9785df4	88b21ba9e61a22e7e164e4d5154211e78a0902830dfd9295798390e4e9785df4	56	56	cpu	unsupported-nvdec-sequence	{"operation":"webp_transcode","sequence":0,"backend":"cpu","decline_reason":"forced-cpu","decoded_format":"cpu-yuv420","nvdec_decode_status":0,"nvdec_decode_status_result":-1,"nvdec_error_concealed":false,"width":17,"height":13,"method":5,"quality":75,"parse_ns":180,"decode_ns":49613,"device_handoff_ns":0,"webp_encode_ns":130239936,"metadata_ns":80,"total_ns":130290561,"images_per_second":7.675153,"decoded_host_to_device_bytes":0,"decoded_device_to_host_bytes":0,"decoded_device_to_device_bytes":0,"verification_psnr_db":-1.000000,"output_bytes":56}	{"operation":"webp_transcode","sequence":0,"backend":"cpu","decline_reason":"unsupported-nvdec-sequence","decoded_format":"cpu-yuv420","nvdec_decode_status":0,"nvdec_decode_status_result":-1,"nvdec_error_concealed":false,"width":17,"height":13,"method":5,"quality":75,"parse_ns":180,"decode_ns":38141,"device_handoff_ns":0,"webp_encode_ns":2595839,"metadata_ns":50,"total_ns":135494521,"images_per_second":7.380372,"decoded_host_to_device_bytes":0,"decoded_device_to_host_bytes":0,"decoded_device_to_device_bytes":0,"verification_psnr_db":-1.000000,"output_bytes":56}
texture	tiny-17x13	5	98	703b929783c0c58855037efaf38b4f12dd5dfab1b7109ced46bd3bac69bbcab3	703b929783c0c58855037efaf38b4f12dd5dfab1b7109ced46bd3bac69bbcab3	52	52	cpu	unsupported-nvdec-sequence	{"operation":"webp_transcode","sequence":0,"backend":"cpu","decline_reason":"forced-cpu","decoded_format":"cpu-yuv420","nvdec_decode_status":0,"nvdec_decode_status_result":-1,"nvdec_error_concealed":false,"width":17,"height":13,"method":5,"quality":98,"parse_ns":191,"decode_ns":47338,"device_handoff_ns":0,"webp_encode_ns":136445637,"metadata_ns":40,"total_ns":136493918,"images_per_second":7.326334,"decoded_host_to_device_bytes":0,"decoded_device_to_host_bytes":0,"decoded_device_to_device_bytes":0,"verification_psnr_db":-1.000000,"output_bytes":52}	{"operation":"webp_transcode","sequence":0,"backend":"cpu","decline_reason":"unsupported-nvdec-sequence","decoded_format":"cpu-yuv420","nvdec_decode_status":0,"nvdec_decode_status_result":-1,"nvdec_error_concealed":false,"width":17,"height":13,"method":5,"quality":98,"parse_ns":201,"decode_ns":40876,"device_handoff_ns":0,"webp_encode_ns":2620846,"metadata_ns":40,"total_ns":131725381,"images_per_second":7.591551,"decoded_host_to_device_bytes":0,"decoded_device_to_host_bytes":0,"decoded_device_to_device_bytes":0,"verification_psnr_db":-1.000000,"output_bytes":52}
texture	tiny-17x13	6	25	8d40e4a1d89139385e8c468a36e3842262da1b77971a5f2dfc010bf0802ccd23	8d40e4a1d89139385e8c468a36e3842262da1b77971a5f2dfc010bf0802ccd23	56	56	cpu	unsupported-nvdec-sequence	{"operation":"webp_transcode","sequence":0,"backend":"cpu","decline_reason":"forced-cpu","decoded_format":"cpu-yuv420","nvdec_decode_status":0,"nvdec_decode_status_result":-1,"nvdec_error_concealed":false,"width":17,"height":13,"method":6,"quality":25,"parse_ns":150,"decode_ns":54412,"device_handoff_ns":0,"webp_encode_ns":129230881,"metadata_ns":70,"total_ns":129286124,"images_per_second":7.734782,"decoded_host_to_device_bytes":0,"decoded_device_to_host_bytes":0,"decoded_device_to_device_bytes":0,"verification_psnr_db":-1.000000,"output_bytes":56}	{"operation":"webp_transcode","sequence":0,"backend":"cpu","decline_reason":"unsupported-nvdec-sequence","decoded_format":"cpu-yuv420","nvdec_decode_status":0,"nvdec_decode_status_result":-1,"nvdec_error_concealed":false,"width":17,"height":13,"method":6,"quality":25,"parse_ns":190,"decode_ns":39754,"device_handoff_ns":0,"webp_encode_ns":2600628,"metadata_ns":40,"total_ns":130798259,"images_per_second":7.645362,"decoded_host_to_device_bytes":0,"decoded_device_to_host_bytes":0,"decoded_device_to_device_bytes":0,"verification_psnr_db":-1.000000,"output_bytes":56}
texture	tiny-17x13	6	75	88b21ba9e61a22e7e164e4d5154211e78a0902830dfd9295798390e4e9785df4	88b21ba9e61a22e7e164e4d5154211e78a0902830dfd9295798390e4e9785df4	56	56	cpu	unsupported-nvdec-sequence	{"operation":"webp_transcode","sequence":0,"backend":"cpu","decline_reason":"forced-cpu","decoded_format":"cpu-yuv420","nvdec_decode_status":0,"nvdec_decode_status_result":-1,"nvdec_error_concealed":false,"width":17,"height":13,"method":6,"quality":75,"parse_ns":180,"decode_ns":48340,"device_handoff_ns":0,"webp_encode_ns":131508967,"metadata_ns":61,"total_ns":131558299,"images_per_second":7.601193,"decoded_host_to_device_bytes":0,"decoded_device_to_host_bytes":0,"decoded_device_to_device_bytes":0,"verification_psnr_db":-1.000000,"output_bytes":56}	{"operation":"webp_transcode","sequence":0,"backend":"cpu","decline_reason":"unsupported-nvdec-sequence","decoded_format":"cpu-yuv420","nvdec_decode_status":0,"nvdec_decode_status_result":-1,"nvdec_error_concealed":false,"width":17,"height":13,"method":6,"quality":75,"parse_ns":210,"decode_ns":33894,"device_handoff_ns":0,"webp_encode_ns":2480683,"metadata_ns":40,"total_ns":128170851,"images_per_second":7.802086,"decoded_host_to_device_bytes":0,"decoded_device_to_host_bytes":0,"decoded_device_to_device_bytes":0,"verification_psnr_db":-1.000000,"output_bytes":56}
texture	tiny-17x13	6	98	703b929783c0c58855037efaf38b4f12dd5dfab1b7109ced46bd3bac69bbcab3	703b929783c0c58855037efaf38b4f12dd5dfab1b7109ced46bd3bac69bbcab3	52	52	cpu	unsupported-nvdec-sequence	{"operation":"webp_transcode","sequence":0,"backend":"cpu","decline_reason":"forced-cpu","decoded_format":"cpu-yuv420","nvdec_decode_status":0,"nvdec_decode_status_result":-1,"nvdec_error_concealed":false,"width":17,"height":13,"method":6,"quality":98,"parse_ns":180,"decode_ns":52458,"device_handoff_ns":0,"webp_encode_ns":133324979,"metadata_ns":130,"total_ns":133378779,"images_per_second":7.497445,"decoded_host_to_device_bytes":0,"decoded_device_to_host_bytes":0,"decoded_device_to_device_bytes":0,"verification_psnr_db":-1.000000,"output_bytes":52}	{"operation":"webp_transcode","sequence":0,"backend":"cpu","decline_reason":"unsupported-nvdec-sequence","decoded_format":"cpu-yuv420","nvdec_decode_status":0,"nvdec_decode_status_result":-1,"nvdec_error_concealed":false,"width":17,"height":13,"method":6,"quality":98,"parse_ns":120,"decode_ns":40195,"device_handoff_ns":0,"webp_encode_ns":2504859,"metadata_ns":40,"total_ns":137615944,"images_per_second":7.266600,"decoded_host_to_device_bytes":0,"decoded_device_to_host_bytes":0,"decoded_device_to_device_bytes":0,"verification_psnr_db":-1.000000,"output_bytes":52}
texture	odd-257x255	0	25	fb3d5ef3009e0fa5d02bf9dbe5d0d3ce2aca404390ea25d6280cc5d7124ef74a	fb3d5ef3009e0fa5d02bf9dbe5d0d3ce2aca404390ea25d6280cc5d7124ef74a	1976	1976	cpu	unsupported-nvdec-sequence	{"operation":"webp_transcode","sequence":0,"backend":"cpu","decline_reason":"forced-cpu","decoded_format":"cpu-yuv420","nvdec_decode_status":0,"nvdec_decode_status_result":-1,"nvdec_error_concealed":false,"width":257,"height":255,"method":0,"quality":25,"parse_ns":140,"decode_ns":1278328,"device_handoff_ns":0,"webp_encode_ns":134777401,"metadata_ns":141,"total_ns":136056882,"images_per_second":7.349867,"decoded_host_to_device_bytes":0,"decoded_device_to_host_bytes":0,"decoded_device_to_device_bytes":0,"verification_psnr_db":-1.000000,"output_bytes":1976}	{"operation":"webp_transcode","sequence":0,"backend":"cpu","decline_reason":"unsupported-nvdec-sequence","decoded_format":"cpu-yuv420","nvdec_decode_status":0,"nvdec_decode_status_result":-1,"nvdec_error_concealed":false,"width":257,"height":255,"method":0,"quality":25,"parse_ns":140,"decode_ns":1199120,"device_handoff_ns":0,"webp_encode_ns":1766379,"metadata_ns":50,"total_ns":132153290,"images_per_second":7.566970,"decoded_host_to_device_bytes":0,"decoded_device_to_host_bytes":0,"decoded_device_to_device_bytes":0,"verification_psnr_db":-1.000000,"output_bytes":1976}
texture	odd-257x255	0	75	378d2f1abcf438ce9ad56aba0ea2b9ac038a3ab09fcca0ed3f5c208c99d8d482	378d2f1abcf438ce9ad56aba0ea2b9ac038a3ab09fcca0ed3f5c208c99d8d482	14586	14586	cpu	unsupported-nvdec-sequence	{"operation":"webp_transcode","sequence":0,"backend":"cpu","decline_reason":"forced-cpu","decoded_format":"cpu-yuv420","nvdec_decode_status":0,"nvdec_decode_status_result":-1,"nvdec_error_concealed":false,"width":257,"height":255,"method":0,"quality":75,"parse_ns":140,"decode_ns":1249414,"device_handoff_ns":0,"webp_encode_ns":136947495,"metadata_ns":40,"total_ns":138197791,"images_per_second":7.236006,"decoded_host_to_device_bytes":0,"decoded_device_to_host_bytes":0,"decoded_device_to_device_bytes":0,"verification_psnr_db":-1.000000,"output_bytes":14586}	{"operation":"webp_transcode","sequence":0,"backend":"cpu","decline_reason":"unsupported-nvdec-sequence","decoded_format":"cpu-yuv420","nvdec_decode_status":0,"nvdec_decode_status_result":-1,"nvdec_error_concealed":false,"width":257,"height":255,"method":0,"quality":75,"parse_ns":141,"decode_ns":1197457,"device_handoff_ns":0,"webp_encode_ns":2836528,"metadata_ns":41,"total_ns":130989567,"images_per_second":7.634196,"decoded_host_to_device_bytes":0,"decoded_device_to_host_bytes":0,"decoded_device_to_device_bytes":0,"verification_psnr_db":-1.000000,"output_bytes":14586}
texture	odd-257x255	0	98	580366e51a98ef7b195a1a8b8b820c64b09677fe0be74b7181f37f49b1e6de10	580366e51a98ef7b195a1a8b8b820c64b09677fe0be74b7181f37f49b1e6de10	33118	33118	cpu	unsupported-nvdec-sequence	{"operation":"webp_transcode","sequence":0,"backend":"cpu","decline_reason":"forced-cpu","decoded_format":"cpu-yuv420","nvdec_decode_status":0,"nvdec_decode_status_result":-1,"nvdec_error_concealed":false,"width":257,"height":255,"method":0,"quality":98,"parse_ns":191,"decode_ns":1257750,"device_handoff_ns":0,"webp_encode_ns":133933766,"metadata_ns":40,"total_ns":135192708,"images_per_second":7.396849,"decoded_host_to_device_bytes":0,"decoded_device_to_host_bytes":0,"decoded_device_to_device_bytes":0,"verification_psnr_db":-1.000000,"output_bytes":33118}	{"operation":"webp_transcode","sequence":0,"backend":"cpu","decline_reason":"unsupported-nvdec-sequence","decoded_format":"cpu-yuv420","nvdec_decode_status":0,"nvdec_decode_status_result":-1,"nvdec_error_concealed":false,"width":257,"height":255,"method":0,"quality":98,"parse_ns":141,"decode_ns":1189162,"device_handoff_ns":0,"webp_encode_ns":4451805,"metadata_ns":40,"total_ns":137230775,"images_per_second":7.286995,"decoded_host_to_device_bytes":0,"decoded_device_to_host_bytes":0,"decoded_device_to_device_bytes":0,"verification_psnr_db":-1.000000,"output_bytes":33118}
texture	odd-257x255	1	25	0d387cd49c3206e3b50a7f88d3240c50c7e11610965d3c979116daac2fea7714	0d387cd49c3206e3b50a7f88d3240c50c7e11610965d3c979116daac2fea7714	1898	1898	cpu	unsupported-nvdec-sequence	{"operation":"webp_transcode","sequence":0,"backend":"cpu","decline_reason":"forced-cpu","decoded_format":"cpu-yuv420","nvdec_decode_status":0,"nvdec_decode_status_result":-1,"nvdec_error_concealed":false,"width":257,"height":255,"method":1,"quality":25,"parse_ns":151,"decode_ns":1267598,"device_handoff_ns":0,"webp_encode_ns":130920658,"metadata_ns":40,"total_ns":132189218,"images_per_second":7.564914,"decoded_host_to_device_bytes":0,"decoded_device_to_host_bytes":0,"decoded_device_to_device_bytes":0,"verification_psnr_db":-1.000000,"output_bytes":1898}	{"operation":"webp_transcode","sequence":0,"backend":"cpu","decline_reason":"unsupported-nvdec-sequence","decoded_format":"cpu-yuv420","nvdec_decode_status":0,"nvdec_decode_status_result":-1,"nvdec_error_concealed":false,"width":257,"height":255,"method":1,"quality":25,"parse_ns":150,"decode_ns":1205292,"device_handoff_ns":0,"webp_encode_ns":2024231,"metadata_ns":40,"total_ns":133790137,"images_per_second":7.474393,"decoded_host_to_device_bytes":0,"decoded_device_to_host_bytes":0,"decoded_device_to_device_bytes":0,"verification_psnr_db":-1.000000,"output_bytes":1898}
texture	odd-257x255	1	75	d1adebc1f55eedefa5d03598571c5e062d54c160e4a4c78f8e1bf49d41f1b7fc	d1adebc1f55eedefa5d03598571c5e062d54c160e4a4c78f8e1bf49d41f1b7fc	14474	14474	cpu	unsupported-nvdec-sequence	{"operation":"webp_transcode","sequence":0,"backend":"cpu","decline_reason":"forced-cpu","decoded_format":"cpu-yuv420","nvdec_decode_status":0,"nvdec_decode_status_result":-1,"nvdec_error_concealed":false,"width":257,"height":255,"method":1,"quality":75,"parse_ns":150,"decode_ns":1245055,"device_handoff_ns":0,"webp_encode_ns":137411843,"metadata_ns":50,"total_ns":138657870,"images_per_second":7.211996,"decoded_host_to_device_bytes":0,"decoded_device_to_host_bytes":0,"decoded_device_to_device_bytes":0,"verification_psnr_db":-1.000000,"output_bytes":14474}	{"operation":"webp_transcode","sequence":0,"backend":"cpu","decline_reason":"unsupported-nvdec-sequence","decoded_format":"cpu-yuv420","nvdec_decode_status":0,"nvdec_decode_status_result":-1,"nvdec_error_concealed":false,"width":257,"height":255,"method":1,"quality":75,"parse_ns":140,"decode_ns":1212064,"device_handoff_ns":0,"webp_encode_ns":3244580,"metadata_ns":60,"total_ns":129512758,"images_per_second":7.721247,"decoded_host_to_device_bytes":0,"decoded_device_to_host_bytes":0,"decoded_device_to_device_bytes":0,"verification_psnr_db":-1.000000,"output_bytes":14474}
texture	odd-257x255	1	98	59daeef8a6f779ee0959892a95c84f1455f1494f591bef206422e7648ef80744	59daeef8a6f779ee0959892a95c84f1455f1494f591bef206422e7648ef80744	32772	32772	cpu	unsupported-nvdec-sequence	{"operation":"webp_transcode","sequence":0,"backend":"cpu","decline_reason":"forced-cpu","decoded_format":"cpu-yuv420","nvdec_decode_status":0,"nvdec_decode_status_result":-1,"nvdec_error_concealed":false,"width":257,"height":255,"method":1,"quality":98,"parse_ns":140,"decode_ns":1259463,"device_handoff_ns":0,"webp_encode_ns":143148848,"metadata_ns":40,"total_ns":144409212,"images_per_second":6.924766,"decoded_host_to_device_bytes":0,"decoded_device_to_host_bytes":0,"decoded_device_to_device_bytes":0,"verification_psnr_db":-1.000000,"output_bytes":32772}	{"operation":"webp_transcode","sequence":0,"backend":"cpu","decline_reason":"unsupported-nvdec-sequence","decoded_format":"cpu-yuv420","nvdec_decode_status":0,"nvdec_decode_status_result":-1,"nvdec_error_concealed":false,"width":257,"height":255,"method":1,"quality":98,"parse_ns":140,"decode_ns":1254242,"device_handoff_ns":0,"webp_encode_ns":5471150,"metadata_ns":40,"total_ns":139871256,"images_per_second":7.149432,"decoded_host_to_device_bytes":0,"decoded_device_to_host_bytes":0,"decoded_device_to_device_bytes":0,"verification_psnr_db":-1.000000,"output_bytes":32772}
texture	odd-257x255	2	25	3e2583e745902c6eafd5fc917c4917fdb36f6bee4ac84205534a4225ba812874	3e2583e745902c6eafd5fc917c4917fdb36f6bee4ac84205534a4225ba812874	2250	2250	cpu	unsupported-nvdec-sequence	{"operation":"webp_transcode","sequence":0,"backend":"cpu","decline_reason":"forced-cpu","decoded_format":"cpu-yuv420","nvdec_decode_status":0,"nvdec_decode_status_result":-1,"nvdec_error_concealed":false,"width":257,"height":255,"method":2,"quality":25,"parse_ns":140,"decode_ns":1253822,"device_handoff_ns":0,"webp_encode_ns":129607355,"metadata_ns":40,"total_ns":130862229,"images_per_second":7.641624,"decoded_host_to_device_bytes":0,"decoded_device_to_host_bytes":0,"decoded_device_to_device_bytes":0,"verification_psnr_db":-1.000000,"output_bytes":2250}	{"operation":"webp_transcode","sequence":0,"backend":"cpu","decline_reason":"unsupported-nvdec-sequence","decoded_format":"cpu-yuv420","nvdec_decode_status":0,"nvdec_decode_status_result":-1,"nvdec_error_concealed":false,"width":257,"height":255,"method":2,"quality":25,"parse_ns":150,"decode_ns":1260884,"device_handoff_ns":0,"webp_encode_ns":2238922,"metadata_ns":40,"total_ns":130211533,"images_per_second":7.679811,"decoded_host_to_device_bytes":0,"decoded_device_to_host_bytes":0,"decoded_device_to_device_bytes":0,"verification_psnr_db":-1.000000,"output_bytes":2250}
texture	odd-257x255	2	75	98a032dd1a921f6dc2da8d785715d48b28c1241883e6b2d7fee80f9e2be0fe46	98a032dd1a921f6dc2da8d785715d48b28c1241883e6b2d7fee80f9e2be0fe46	15028	15028	cpu	unsupported-nvdec-sequence	{"operation":"webp_transcode","sequence":0,"backend":"cpu","decline_reason":"forced-cpu","decoded_format":"cpu-yuv420","nvdec_decode_status":0,"nvdec_decode_status_result":-1,"nvdec_error_concealed":false,"width":257,"height":255,"method":2,"quality":75,"parse_ns":140,"decode_ns":1294678,"device_handoff_ns":0,"webp_encode_ns":133683929,"metadata_ns":50,"total_ns":134979589,"images_per_second":7.408528,"decoded_host_to_device_bytes":0,"decoded_device_to_host_bytes":0,"decoded_device_to_device_bytes":0,"verification_psnr_db":-1.000000,"output_bytes":15028}	{"operation":"webp_transcode","sequence":0,"backend":"cpu","decline_reason":"unsupported-nvdec-sequence","decoded_format":"cpu-yuv420","nvdec_decode_status":0,"nvdec_decode_status_result":-1,"nvdec_error_concealed":false,"width":257,"height":255,"method":2,"quality":75,"parse_ns":150,"decode_ns":1228696,"device_handoff_ns":0,"webp_encode_ns":3918569,"metadata_ns":40,"total_ns":135187628,"images_per_second":7.397127,"decoded_host_to_device_bytes":0,"decoded_device_to_host_bytes":0,"decoded_device_to_device_bytes":0,"verification_psnr_db":-1.000000,"output_bytes":15028}
texture	odd-257x255	2	98	653246a1dcdaa27fff972a63f14b195d5ff5177c93022703013cb169693e2017	653246a1dcdaa27fff972a63f14b195d5ff5177c93022703013cb169693e2017	31852	31852	cpu	unsupported-nvdec-sequence	{"operation":"webp_transcode","sequence":0,"backend":"cpu","decline_reason":"forced-cpu","decoded_format":"cpu-yuv420","nvdec_decode_status":0,"nvdec_decode_status_result":-1,"nvdec_error_concealed":false,"width":257,"height":255,"method":2,"quality":98,"parse_ns":140,"decode_ns":1273959,"device_handoff_ns":0,"webp_encode_ns":133906996,"metadata_ns":50,"total_ns":135181867,"images_per_second":7.397442,"decoded_host_to_device_bytes":0,"decoded_device_to_host_bytes":0,"decoded_device_to_device_bytes":0,"verification_psnr_db":-1.000000,"output_bytes":31852}	{"operation":"webp_transcode","sequence":0,"backend":"cpu","decline_reason":"unsupported-nvdec-sequence","decoded_format":"cpu-yuv420","nvdec_decode_status":0,"nvdec_decode_status_result":-1,"nvdec_error_concealed":false,"width":257,"height":255,"method":2,"quality":98,"parse_ns":421,"decode_ns":1225109,"device_handoff_ns":0,"webp_encode_ns":5333943,"metadata_ns":40,"total_ns":133155822,"images_per_second":7.509998,"decoded_host_to_device_bytes":0,"decoded_device_to_host_bytes":0,"decoded_device_to_device_bytes":0,"verification_psnr_db":-1.000000,"output_bytes":31852}
texture	odd-257x255	3	25	6ea6fe730084c365e3fa1c1215bc2b1ff37424b0459514d9afd4d6093f421013	6ea6fe730084c365e3fa1c1215bc2b1ff37424b0459514d9afd4d6093f421013	2318	2318	cpu	unsupported-nvdec-sequence	{"operation":"webp_transcode","sequence":0,"backend":"cpu","decline_reason":"forced-cpu","decoded_format":"cpu-yuv420","nvdec_decode_status":0,"nvdec_decode_status_result":-1,"nvdec_error_concealed":false,"width":257,"height":255,"method":3,"quality":25,"parse_ns":140,"decode_ns":1254083,"device_handoff_ns":0,"webp_encode_ns":139209791,"metadata_ns":70,"total_ns":140464745,"images_per_second":7.119224,"decoded_host_to_device_bytes":0,"decoded_device_to_host_bytes":0,"decoded_device_to_device_bytes":0,"verification_psnr_db":-1.000000,"output_bytes":2318}	{"operation":"webp_transcode","sequence":0,"backend":"cpu","decline_reason":"unsupported-nvdec-sequence","decoded_format":"cpu-yuv420","nvdec_decode_status":0,"nvdec_decode_status_result":-1,"nvdec_error_concealed":false,"width":257,"height":255,"method":3,"quality":25,"parse_ns":131,"decode_ns":1202516,"device_handoff_ns":0,"webp_encode_ns":7103669,"metadata_ns":40,"total_ns":137185911,"images_per_second":7.289378,"decoded_host_to_device_bytes":0,"decoded_device_to_host_bytes":0,"decoded_device_to_device_bytes":0,"verification_psnr_db":-1.000000,"output_bytes":2318}
texture	odd-257x255	3	75	3d83408aa8bdb6c6016df883a6d5fa3f16604bc26e199bb57dcf1442356d5690	3d83408aa8bdb6c6016df883a6d5fa3f16604bc26e199bb57dcf1442356d5690	15332	15332	cpu	unsupported-nvdec-sequence	{"operation":"webp_transcode","sequence":0,"backend":"cpu","decline_reason":"forced-cpu","decoded_format":"cpu-yuv420","nvdec_decode_status":0,"nvdec_decode_status_result":-1,"nvdec_error_concealed":false,"width":257,"height":255,"method":3,"quality":75,"parse_ns":141,"decode_ns":1264793,"device_handoff_ns":0,"webp_encode_ns":134716457,"metadata_ns":90,"total_ns":135982182,"images_per_second":7.353905,"decoded_host_to_device_bytes":0,"decoded_device_to_host_bytes":0,"decoded_device_to_device_bytes":0,"verification_psnr_db":-1.000000,"output_bytes":15332}	{"operation":"webp_transcode","sequence":0,"backend":"cpu","decline_reason":"unsupported-nvdec-sequence","decoded_format":"cpu-yuv420","nvdec_decode_status":0,"nvdec_decode_status_result":-1,"nvdec_error_concealed":false,"width":257,"height":255,"method":3,"quality":75,"parse_ns":140,"decode_ns":1232112,"device_handoff_ns":0,"webp_encode_ns":7248559,"metadata_ns":70,"total_ns":136532981,"images_per_second":7.324238,"decoded_host_to_device_bytes":0,"decoded_device_to_host_bytes":0,"decoded_device_to_device_bytes":0,"verification_psnr_db":-1.000000,"output_bytes":15332}
texture	odd-257x255	3	98	287e4bb91e3907d4b9717b5a644c379486ab56e8e0090ee80d5641523c572e17	287e4bb91e3907d4b9717b5a644c379486ab56e8e0090ee80d5641523c572e17	28486	28486	cpu	unsupported-nvdec-sequence	{"operation":"webp_transcode","sequence":0,"backend":"cpu","decline_reason":"forced-cpu","decoded_format":"cpu-yuv420","nvdec_decode_status":0,"nvdec_decode_status_result":-1,"nvdec_error_concealed":false,"width":257,"height":255,"method":3,"quality":98,"parse_ns":141,"decode_ns":1283628,"device_handoff_ns":0,"webp_encode_ns":135360330,"metadata_ns":60,"total_ns":136644780,"images_per_second":7.318245,"decoded_host_to_device_bytes":0,"decoded_device_to_host_bytes":0,"decoded_device_to_device_bytes":0,"verification_psnr_db":-1.000000,"output_bytes":28486}	{"operation":"webp_transcode","sequence":0,"backend":"cpu","decline_reason":"unsupported-nvdec-sequence","decoded_format":"cpu-yuv420","nvdec_decode_status":0,"nvdec_decode_status_result":-1,"nvdec_error_concealed":false,"width":257,"height":255,"method":3,"quality":98,"parse_ns":150,"decode_ns":1218937,"device_handoff_ns":0,"webp_encode_ns":7737594,"metadata_ns":50,"total_ns":139185896,"images_per_second":7.184636,"decoded_host_to_device_bytes":0,"decoded_device_to_host_bytes":0,"decoded_device_to_device_bytes":0,"verification_psnr_db":-1.000000,"output_bytes":28486}
texture	odd-257x255	4	25	a631b3d444862f5c0df0f4939dc6f0c79c4174a7b8acabdc438038067ce37a49	a631b3d444862f5c0df0f4939dc6f0c79c4174a7b8acabdc438038067ce37a49	2328	2328	cpu	unsupported-nvdec-sequence	{"operation":"webp_transcode","sequence":0,"backend":"cpu","decline_reason":"forced-cpu","decoded_format":"cpu-yuv420","nvdec_decode_status":0,"nvdec_decode_status_result":-1,"nvdec_error_concealed":false,"width":257,"height":255,"method":4,"quality":25,"parse_ns":121,"decode_ns":1261025,"device_handoff_ns":0,"webp_encode_ns":133865398,"metadata_ns":60,"total_ns":135127386,"images_per_second":7.400424,"decoded_host_to_device_bytes":0,"decoded_device_to_host_bytes":0,"decoded_device_to_device_bytes":0,"verification_psnr_db":-1.000000,"output_bytes":2328}	{"operation":"webp_transcode","sequence":0,"backend":"cpu","decline_reason":"unsupported-nvdec-sequence","decoded_format":"cpu-yuv420","nvdec_decode_status":0,"nvdec_decode_status_result":-1,"nvdec_error_concealed":false,"width":257,"height":255,"method":4,"quality":25,"parse_ns":180,"decode_ns":1262107,"device_handoff_ns":0,"webp_encode_ns":7195070,"metadata_ns":70,"total_ns":139250306,"images_per_second":7.181313,"decoded_host_to_device_bytes":0,"decoded_device_to_host_bytes":0,"decoded_device_to_device_bytes":0,"verification_psnr_db":-1.000000,"output_bytes":2328}
texture	odd-257x255	4	75	32e437b01bcb7f477bd44eb47cc6bd87e14f54ee1b18a27a44f096e8f9e5fd52	32e437b01bcb7f477bd44eb47cc6bd87e14f54ee1b18a27a44f096e8f9e5fd52	15378	15378	cpu	unsupported-nvdec-sequence	{"operation":"webp_transcode","sequence":0,"backend":"cpu","decline_reason":"forced-cpu","decoded_format":"cpu-yuv420","nvdec_decode_status":0,"nvdec_decode_status_result":-1,"nvdec_error_concealed":false,"width":257,"height":255,"method":4,"quality":75,"parse_ns":140,"decode_ns":1273719,"device_handoff_ns":0,"webp_encode_ns":135029032,"metadata_ns":70,"total_ns":136303712,"images_per_second":7.336557,"decoded_host_to_device_bytes":0,"decoded_device_to_host_bytes":0,"decoded_device_to_device_bytes":0,"verification_psnr_db":-1.000000,"output_bytes":15378}	{"operation":"webp_transcode","sequence":0,"backend":"cpu","decline_reason":"unsupported-nvdec-sequence","decoded_format":"cpu-yuv420","nvdec_decode_status":0,"nvdec_decode_status_result":-1,"nvdec_error_concealed":false,"width":257,"height":255,"method":4,"quality":75,"parse_ns":140,"decode_ns":1193529,"device_handoff_ns":0,"webp_encode_ns":7124448,"metadata_ns":50,"total_ns":138208360,"images_per_second":7.235452,"decoded_host_to_device_bytes":0,"decoded_device_to_host_bytes":0,"decoded_device_to_device_bytes":0,"verification_psnr_db":-1.000000,"output_bytes":15378}
texture	odd-257x255	4	98	47e5ba0b15b9fe4e6dc013a7c90ab41a5bfbe298c7292ab4de39822e517875de	47e5ba0b15b9fe4e6dc013a7c90ab41a5bfbe298c7292ab4de39822e517875de	28530	28530	cpu	unsupported-nvdec-sequence	{"operation":"webp_transcode","sequence":0,"backend":"cpu","decline_reason":"forced-cpu","decoded_format":"cpu-yuv420","nvdec_decode_status":0,"nvdec_decode_status_result":-1,"nvdec_error_concealed":false,"width":257,"height":255,"method":4,"quality":98,"parse_ns":140,"decode_ns":1246358,"device_handoff_ns":0,"webp_encode_ns":133785078,"metadata_ns":50,"total_ns":135032538,"images_per_second":7.405622,"decoded_host_to_device_bytes":0,"decoded_device_to_host_bytes":0,"decoded_device_to_device_bytes":0,"verification_psnr_db":-1.000000,"output_bytes":28530}	{"operation":"webp_transcode","sequence":0,"backend":"cpu","decline_reason":"unsupported-nvdec-sequence","decoded_format":"cpu-yuv420","nvdec_decode_status":0,"nvdec_decode_status_result":-1,"nvdec_error_concealed":false,"width":257,"height":255,"method":4,"quality":98,"parse_ns":120,"decode_ns":1236570,"device_handoff_ns":0,"webp_encode_ns":7490742,"metadata_ns":40,"total_ns":142607056,"images_per_second":7.012276,"decoded_host_to_device_bytes":0,"decoded_device_to_host_bytes":0,"decoded_device_to_device_bytes":0,"verification_psnr_db":-1.000000,"output_bytes":28530}
texture	odd-257x255	5	25	49bdbaa45b546f094b3b2cdbc1d0261d5391320c46dcc75103e035a99971ebd6	49bdbaa45b546f094b3b2cdbc1d0261d5391320c46dcc75103e035a99971ebd6	1728	1728	cpu	unsupported-nvdec-sequence	{"operation":"webp_transcode","sequence":0,"backend":"cpu","decline_reason":"forced-cpu","decoded_format":"cpu-yuv420","nvdec_decode_status":0,"nvdec_decode_status_result":-1,"nvdec_error_concealed":false,"width":257,"height":255,"method":5,"quality":25,"parse_ns":120,"decode_ns":1269131,"device_handoff_ns":0,"webp_encode_ns":145117596,"metadata_ns":70,"total_ns":146387678,"images_per_second":6.831176,"decoded_host_to_device_bytes":0,"decoded_device_to_host_bytes":0,"decoded_device_to_device_bytes":0,"verification_psnr_db":-1.000000,"output_bytes":1728}	{"operation":"webp_transcode","sequence":0,"backend":"cpu","decline_reason":"unsupported-nvdec-sequence","decoded_format":"cpu-yuv420","nvdec_decode_status":0,"nvdec_decode_status_result":-1,"nvdec_error_concealed":false,"width":257,"height":255,"method":5,"quality":25,"parse_ns":141,"decode_ns":1216632,"device_handoff_ns":0,"webp_encode_ns":10019356,"metadata_ns":40,"total_ns":137932415,"images_per_second":7.249927,"decoded_host_to_device_bytes":0,"decoded_device_to_host_bytes":0,"decoded_device_to_device_bytes":0,"verification_psnr_db":-1.000000,"output_bytes":1728}
texture	odd-257x255	5	75	95d824400e2907f4e6ad57f3db5131d57af061566afce0f565a4cac481391bbf	95d824400e2907f4e6ad57f3db5131d57af061566afce0f565a4cac481391bbf	13880	13880	cpu	unsupported-nvdec-sequence	{"operation":"webp_transcode","sequence":0,"backend":"cpu","decline_reason":"forced-cpu","decoded_format":"cpu-yuv420","nvdec_decode_status":0,"nvdec_decode_status_result":-1,"nvdec_error_concealed":false,"width":257,"height":255,"method":5,"quality":75,"parse_ns":130,"decode_ns":1250776,"device_handoff_ns":0,"webp_encode_ns":143306744,"metadata_ns":120,"total_ns":144558481,"images_per_second":6.917616,"decoded_host_to_device_bytes":0,"decoded_device_to_host_bytes":0,"decoded_device_to_device_bytes":0,"verification_psnr_db":-1.000000,"output_bytes":13880}	{"operation":"webp_transcode","sequence":0,"backend":"cpu","decline_reason":"unsupported-nvdec-sequence","decoded_format":"cpu-yuv420","nvdec_decode_status":0,"nvdec_decode_status_result":-1,"nvdec_error_concealed":false,"width":257,"height":255,"method":5,"quality":75,"parse_ns":201,"decode_ns":1207836,"device_handoff_ns":0,"webp_encode_ns":12384994,"metadata_ns":41,"total_ns":143524150,"images_per_second":6.967469,"decoded_host_to_device_bytes":0,"decoded_device_to_host_bytes":0,"decoded_device_to_device_bytes":0,"verification_psnr_db":-1.000000,"output_bytes":13880}
texture	odd-257x255	5	98	3f290e0e5f2b1ff7f6467c41b472fa6dabf814d6780b6d231f63299d9ce6765d	3f290e0e5f2b1ff7f6467c41b472fa6dabf814d6780b6d231f63299d9ce6765d	28454	28454	cpu	unsupported-nvdec-sequence	{"operation":"webp_transcode","sequence":0,"backend":"cpu","decline_reason":"forced-cpu","decoded_format":"cpu-yuv420","nvdec_decode_status":0,"nvdec_decode_status_result":-1,"nvdec_error_concealed":false,"width":257,"height":255,"method":5,"quality":98,"parse_ns":190,"decode_ns":1271094,"device_handoff_ns":0,"webp_encode_ns":145728978,"metadata_ns":51,"total_ns":147001295,"images_per_second":6.802661,"decoded_host_to_device_bytes":0,"decoded_device_to_host_bytes":0,"decoded_device_to_device_bytes":0,"verification_psnr_db":-1.000000,"output_bytes":28454}	{"operation":"webp_transcode","sequence":0,"backend":"cpu","decline_reason":"unsupported-nvdec-sequence","decoded_format":"cpu-yuv420","nvdec_decode_status":0,"nvdec_decode_status_result":-1,"nvdec_error_concealed":false,"width":257,"height":255,"method":5,"quality":98,"parse_ns":181,"decode_ns":1259353,"device_handoff_ns":0,"webp_encode_ns":13104177,"metadata_ns":41,"total_ns":141573777,"images_per_second":7.063455,"decoded_host_to_device_bytes":0,"decoded_device_to_host_bytes":0,"decoded_device_to_device_bytes":0,"verification_psnr_db":-1.000000,"output_bytes":28454}
texture	odd-257x255	6	25	39432258ce2c5ba40af541b82516c3d65601a223233a2078908a23bc2f6f9fd2	39432258ce2c5ba40af541b82516c3d65601a223233a2078908a23bc2f6f9fd2	1680	1680	cpu	unsupported-nvdec-sequence	{"operation":"webp_transcode","sequence":0,"backend":"cpu","decline_reason":"forced-cpu","decoded_format":"cpu-yuv420","nvdec_decode_status":0,"nvdec_decode_status_result":-1,"nvdec_error_concealed":false,"width":257,"height":255,"method":6,"quality":25,"parse_ns":140,"decode_ns":1290049,"device_handoff_ns":0,"webp_encode_ns":139342008,"metadata_ns":60,"total_ns":140633039,"images_per_second":7.110705,"decoded_host_to_device_bytes":0,"decoded_device_to_host_bytes":0,"decoded_device_to_device_bytes":0,"verification_psnr_db":-1.000000,"output_bytes":1680}	{"operation":"webp_transcode","sequence":0,"backend":"cpu","decline_reason":"unsupported-nvdec-sequence","decoded_format":"cpu-yuv420","nvdec_decode_status":0,"nvdec_decode_status_result":-1,"nvdec_error_concealed":false,"width":257,"height":255,"method":6,"quality":25,"parse_ns":130,"decode_ns":1223575,"device_handoff_ns":0,"webp_encode_ns":10482631,"metadata_ns":50,"total_ns":137843418,"images_per_second":7.254608,"decoded_host_to_device_bytes":0,"decoded_device_to_host_bytes":0,"decoded_device_to_device_bytes":0,"verification_psnr_db":-1.000000,"output_bytes":1680}
texture	odd-257x255	6	75	b298a9fc2b214605f2bb04c5edc679b0cb2a7ec08fcf00abd8383a074d034ef9	b298a9fc2b214605f2bb04c5edc679b0cb2a7ec08fcf00abd8383a074d034ef9	13826	13826	cpu	unsupported-nvdec-sequence	{"operation":"webp_transcode","sequence":0,"backend":"cpu","decline_reason":"forced-cpu","decoded_format":"cpu-yuv420","nvdec_decode_status":0,"nvdec_decode_status_result":-1,"nvdec_error_concealed":false,"width":257,"height":255,"method":6,"quality":75,"parse_ns":140,"decode_ns":1266345,"device_handoff_ns":0,"webp_encode_ns":141776104,"metadata_ns":40,"total_ns":143043361,"images_per_second":6.990887,"decoded_host_to_device_bytes":0,"decoded_device_to_host_bytes":0,"decoded_device_to_device_bytes":0,"verification_psnr_db":-1.000000,"output_bytes":13826}	{"operation":"webp_transcode","sequence":0,"backend":"cpu","decline_reason":"unsupported-nvdec-sequence","decoded_format":"cpu-yuv420","nvdec_decode_status":0,"nvdec_decode_status_result":-1,"nvdec_error_concealed":false,"width":257,"height":255,"method":6,"quality":75,"parse_ns":140,"decode_ns":1257689,"device_handoff_ns":0,"webp_encode_ns":14451073,"metadata_ns":40,"total_ns":152041980,"images_per_second":6.577131,"decoded_host_to_device_bytes":0,"decoded_device_to_host_bytes":0,"decoded_device_to_device_bytes":0,"verification_psnr_db":-1.000000,"output_bytes":13826}
texture	odd-257x255	6	98	89be3b3f204cd1dbaa5cdd9b649d16f6e668a84f11467cecb01609d015123ebb	89be3b3f204cd1dbaa5cdd9b649d16f6e668a84f11467cecb01609d015123ebb	28418	28418	cpu	unsupported-nvdec-sequence	{"operation":"webp_transcode","sequence":0,"backend":"cpu","decline_reason":"forced-cpu","decoded_format":"cpu-yuv420","nvdec_decode_status":0,"nvdec_decode_status_result":-1,"nvdec_error_concealed":false,"width":257,"height":255,"method":6,"quality":98,"parse_ns":131,"decode_ns":1262929,"device_handoff_ns":0,"webp_encode_ns":145367593,"metadata_ns":150,"total_ns":146631574,"images_per_second":6.819814,"decoded_host_to_device_bytes":0,"decoded_device_to_host_bytes":0,"decoded_device_to_device_bytes":0,"verification_psnr_db":-1.000000,"output_bytes":28418}	{"operation":"webp_transcode","sequence":0,"backend":"cpu","decline_reason":"unsupported-nvdec-sequence","decoded_format":"cpu-yuv420","nvdec_decode_status":0,"nvdec_decode_status_result":-1,"nvdec_error_concealed":false,"width":257,"height":255,"method":6,"quality":98,"parse_ns":150,"decode_ns":1256116,"device_handoff_ns":0,"webp_encode_ns":16310657,"metadata_ns":40,"total_ns":149578088,"images_per_second":6.685471,"decoded_host_to_device_bytes":0,"decoded_device_to_host_bytes":0,"decoded_device_to_device_bytes":0,"verification_psnr_db":-1.000000,"output_bytes":28418}
graphic	medium-1600x1200	0	25	14c4714fc77cff917f5235b2a3aac3b39984fb9f7180a7f26528c3e43cd9843f	14c4714fc77cff917f5235b2a3aac3b39984fb9f7180a7f26528c3e43cd9843f	14960	14960	cpu	required-cuda-stage-declined	{"operation":"webp_transcode","sequence":0,"backend":"cpu","decline_reason":"forced-cpu","decoded_format":"cpu-yuv420","nvdec_decode_status":0,"nvdec_decode_status_result":-1,"nvdec_error_concealed":false,"width":1600,"height":1200,"method":0,"quality":25,"parse_ns":220,"decode_ns":6484733,"device_handoff_ns":0,"webp_encode_ns":138418102,"metadata_ns":351,"total_ns":145176556,"images_per_second":6.888165,"decoded_host_to_device_bytes":0,"decoded_device_to_host_bytes":0,"decoded_device_to_device_bytes":0,"verification_psnr_db":-1.000000,"output_bytes":14960}	{"operation":"webp_transcode","sequence":0,"backend":"cpu","decline_reason":"required-cuda-stage-declined","decoded_format":"cpu-yuv420","nvdec_decode_status":0,"nvdec_decode_status_result":801,"nvdec_error_concealed":false,"width":1600,"height":1200,"method":0,"quality":25,"parse_ns":151,"decode_ns":5655944,"device_handoff_ns":902676,"webp_encode_ns":8609152,"metadata_ns":50,"total_ns":190984351,"images_per_second":5.236031,"decoded_host_to_device_bytes":0,"decoded_device_to_host_bytes":0,"decoded_device_to_device_bytes":0,"verification_psnr_db":-1.000000,"output_bytes":14960}
graphic	medium-1600x1200	0	75	b41af6b86890117c60ba6468ba0fe432106f773a7f2cb63530db75e3998b2c19	b41af6b86890117c60ba6468ba0fe432106f773a7f2cb63530db75e3998b2c19	17854	17854	cpu	required-cuda-stage-declined	{"operation":"webp_transcode","sequence":0,"backend":"cpu","decline_reason":"forced-cpu","decoded_format":"cpu-yuv420","nvdec_decode_status":0,"nvdec_decode_status_result":-1,"nvdec_error_concealed":false,"width":1600,"height":1200,"method":0,"quality":75,"parse_ns":140,"decode_ns":6192116,"device_handoff_ns":0,"webp_encode_ns":138291435,"metadata_ns":40,"total_ns":144760449,"images_per_second":6.907964,"decoded_host_to_device_bytes":0,"decoded_device_to_host_bytes":0,"decoded_device_to_device_bytes":0,"verification_psnr_db":-1.000000,"output_bytes":17854}	{"operation":"webp_transcode","sequence":0,"backend":"cpu","decline_reason":"required-cuda-stage-declined","decoded_format":"cpu-yuv420","nvdec_decode_status":0,"nvdec_decode_status_result":801,"nvdec_error_concealed":false,"width":1600,"height":1200,"method":0,"quality":75,"parse_ns":150,"decode_ns":6067363,"device_handoff_ns":939194,"webp_encode_ns":9715468,"metadata_ns":70,"total_ns":181554496,"images_per_second":5.507988,"decoded_host_to_device_bytes":0,"decoded_device_to_host_bytes":0,"decoded_device_to_device_bytes":0,"verification_psnr_db":-1.000000,"output_bytes":17854}
graphic	medium-1600x1200	0	98	2b015986e40f5edfcb870554c1595123856b607e082bef9eb56ae2825a165aa4	2b015986e40f5edfcb870554c1595123856b607e082bef9eb56ae2825a165aa4	30436	30436	cpu	required-cuda-stage-declined	{"operation":"webp_transcode","sequence":0,"backend":"cpu","decline_reason":"forced-cpu","decoded_format":"cpu-yuv420","nvdec_decode_status":0,"nvdec_decode_status_result":-1,"nvdec_error_concealed":false,"width":1600,"height":1200,"method":0,"quality":98,"parse_ns":140,"decode_ns":6363607,"device_handoff_ns":0,"webp_encode_ns":156732912,"metadata_ns":40,"total_ns":163361874,"images_per_second":6.121379,"decoded_host_to_device_bytes":0,"decoded_device_to_host_bytes":0,"decoded_device_to_device_bytes":0,"verification_psnr_db":-1.000000,"output_bytes":30436}	{"operation":"webp_transcode","sequence":0,"backend":"cpu","decline_reason":"required-cuda-stage-declined","decoded_format":"cpu-yuv420","nvdec_decode_status":0,"nvdec_decode_status_result":801,"nvdec_error_concealed":false,"width":1600,"height":1200,"method":0,"quality":98,"parse_ns":110,"decode_ns":5763966,"device_handoff_ns":925829,"webp_encode_ns":20165598,"metadata_ns":40,"total_ns":211096458,"images_per_second":4.737171,"decoded_host_to_device_bytes":0,"decoded_device_to_host_bytes":0,"decoded_device_to_device_bytes":0,"verification_psnr_db":-1.000000,"output_bytes":30436}
graphic	medium-1600x1200	1	25	bbd7fa70ff5aa931d39ad3acfe9010c7c25ecfc48f4f31b8beef069149fd063c	bbd7fa70ff5aa931d39ad3acfe9010c7c25ecfc48f4f31b8beef069149fd063c	12834	12834	cpu	required-cuda-stage-declined	{"operation":"webp_transcode","sequence":0,"backend":"cpu","decline_reason":"forced-cpu","decoded_format":"cpu-yuv420","nvdec_decode_status":0,"nvdec_decode_status_result":-1,"nvdec_error_concealed":false,"width":1600,"height":1200,"method":1,"quality":25,"parse_ns":141,"decode_ns":6179573,"device_handoff_ns":0,"webp_encode_ns":152069501,"metadata_ns":131,"total_ns":158509281,"images_per_second":6.308779,"decoded_host_to_device_bytes":0,"decoded_device_to_host_bytes":0,"decoded_device_to_device_bytes":0,"verification_psnr_db":-1.000000,"output_bytes":12834}	{"operation":"webp_transcode","sequence":0,"backend":"cpu","decline_reason":"required-cuda-stage-declined","decoded_format":"cpu-yuv420","nvdec_decode_status":0,"nvdec_decode_status_result":801,"nvdec_error_concealed":false,"width":1600,"height":1200,"method":1,"quality":25,"parse_ns":151,"decode_ns":5997603,"device_handoff_ns":944785,"webp_encode_ns":14631440,"metadata_ns":50,"total_ns":193774493,"images_per_second":5.160638,"decoded_host_to_device_bytes":0,"decoded_device_to_host_bytes":0,"decoded_device_to_device_bytes":0,"verification_psnr_db":-1.000000,"output_bytes":12834}
graphic	medium-1600x1200	1	75	ef12efac5e026afef15f5d825e4d557dbcf10a1cb39439089706452c39373014	ef12efac5e026afef15f5d825e4d557dbcf10a1cb39439089706452c39373014	15800	15800	cpu	required-cuda-stage-declined	{"operation":"webp_transcode","sequence":0,"backend":"cpu","decline_reason":"forced-cpu","decoded_format":"cpu-yuv420","nvdec_decode_status":0,"nvdec_decode_status_result":-1,"nvdec_error_concealed":false,"width":1600,"height":1200,"method":1,"quality":75,"parse_ns":140,"decode_ns":6431183,"device_handoff_ns":0,"webp_encode_ns":144872919,"metadata_ns":40,"total_ns":151577362,"images_per_second":6.597291,"decoded_host_to_device_bytes":0,"decoded_device_to_host_bytes":0,"decoded_device_to_device_bytes":0,"verification_psnr_db":-1.000000,"output_bytes":15800}	{"operation":"webp_transcode","sequence":0,"backend":"cpu","decline_reason":"required-cuda-stage-declined","decoded_format":"cpu-yuv420","nvdec_decode_status":0,"nvdec_decode_status_result":801,"nvdec_error_concealed":false,"width":1600,"height":1200,"method":1,"quality":75,"parse_ns":131,"decode_ns":5776340,"device_handoff_ns":919738,"webp_encode_ns":14667157,"metadata_ns":40,"total_ns":189746759,"images_per_second":5.270182,"decoded_host_to_device_bytes":0,"decoded_device_to_host_bytes":0,"decoded_device_to_device_bytes":0,"verification_psnr_db":-1.000000,"output_bytes":15800}
graphic	medium-1600x1200	1	98	f96ad219521213736786f20db5944cdea87a7d2eb55ec5f362169f8e61e3c92f	f96ad219521213736786f20db5944cdea87a7d2eb55ec5f362169f8e61e3c92f	28028	28028	cpu	required-cuda-stage-declined	{"operation":"webp_transcode","sequence":0,"backend":"cpu","decline_reason":"forced-cpu","decoded_format":"cpu-yuv420","nvdec_decode_status":0,"nvdec_decode_status_result":-1,"nvdec_error_concealed":false,"width":1600,"height":1200,"method":1,"quality":98,"parse_ns":140,"decode_ns":6408531,"device_handoff_ns":0,"webp_encode_ns":167104936,"metadata_ns":40,"total_ns":173786526,"images_per_second":5.754186,"decoded_host_to_device_bytes":0,"decoded_device_to_host_bytes":0,"decoded_device_to_device_bytes":0,"verification_psnr_db":-1.000000,"output_bytes":28028}	{"operation":"webp_transcode","sequence":0,"backend":"cpu","decline_reason":"required-cuda-stage-declined","decoded_format":"cpu-yuv420","nvdec_decode_status":0,"nvdec_decode_status_result":801,"nvdec_error_concealed":false,"width":1600,"height":1200,"method":1,"quality":98,"parse_ns":281,"decode_ns":5820953,"device_handoff_ns":960975,"webp_encode_ns":31204898,"metadata_ns":40,"total_ns":219491429,"images_per_second":4.555987,"decoded_host_to_device_bytes":0,"decoded_device_to_host_bytes":0,"decoded_device_to_device_bytes":0,"verification_psnr_db":-1.000000,"output_bytes":28028}
graphic	medium-1600x1200	2	25	ac866bacc0b4a6f5b732f5a10a27a1d60ed9da85b4ad08105ca6864ba8c44c3e	ac866bacc0b4a6f5b732f5a10a27a1d60ed9da85b4ad08105ca6864ba8c44c3e	11698	11698	cpu	required-cuda-stage-declined	{"operation":"webp_transcode","sequence":0,"backend":"cpu","decline_reason":"forced-cpu","decoded_format":"cpu-yuv420","nvdec_decode_status":0,"nvdec_decode_status_result":-1,"nvdec_error_concealed":false,"width":1600,"height":1200,"method":2,"quality":25,"parse_ns":190,"decode_ns":6407398,"device_handoff_ns":0,"webp_encode_ns":144791096,"metadata_ns":50,"total_ns":151471464,"images_per_second":6.601904,"decoded_host_to_device_bytes":0,"decoded_device_to_host_bytes":0,"decoded_device_to_device_bytes":0,"verification_psnr_db":-1.000000,"output_bytes":11698}	{"operation":"webp_transcode","sequence":0,"backend":"cpu","decline_reason":"required-cuda-stage-declined","decoded_format":"cpu-yuv420","nvdec_decode_status":0,"nvdec_decode_status_result":801,"nvdec_error_concealed":false,"width":1600,"height":1200,"method":2,"quality":25,"parse_ns":140,"decode_ns":5824350,"device_handoff_ns":926261,"webp_encode_ns":15017391,"metadata_ns":50,"total_ns":189172987,"images_per_second":5.286167,"decoded_host_to_device_bytes":0,"decoded_device_to_host_bytes":0,"decoded_device_to_device_bytes":0,"verification_psnr_db":-1.000000,"output_bytes":11698}
graphic	medium-1600x1200	2	75	e6e382eb3b9d8d49977ce1270356f70e096ff0a99fc97d6167ecefc1ce7f0897	e6e382eb3b9d8d49977ce1270356f70e096ff0a99fc97d6167ecefc1ce7f0897	13918	13918	cpu	required-cuda-stage-declined	{"operation":"webp_transcode","sequence":0,"backend":"cpu","decline_reason":"forced-cpu","decoded_format":"cpu-yuv420","nvdec_decode_status":0,"nvdec_decode_status_result":-1,"nvdec_error_concealed":false,"width":1600,"height":1200,"method":2,"quality":75,"parse_ns":140,"decode_ns":6369067,"device_handoff_ns":0,"webp_encode_ns":148990430,"metadata_ns":40,"total_ns":155630513,"images_per_second":6.425475,"decoded_host_to_device_bytes":0,"decoded_device_to_host_bytes":0,"decoded_device_to_device_bytes":0,"verification_psnr_db":-1.000000,"output_bytes":13918}	{"operation":"webp_transcode","sequence":0,"backend":"cpu","decline_reason":"required-cuda-stage-declined","decoded_format":"cpu-yuv420","nvdec_decode_status":0,"nvdec_decode_status_result":801,"nvdec_error_concealed":false,"width":1600,"height":1200,"method":2,"quality":75,"parse_ns":141,"decode_ns":5964541,"device_handoff_ns":926240,"webp_encode_ns":15602755,"metadata_ns":50,"total_ns":187145601,"images_per_second":5.343433,"decoded_host_to_device_bytes":0,"decoded_device_to_host_bytes":0,"decoded_device_to_device_bytes":0,"verification_psnr_db":-1.000000,"output_bytes":13918}
graphic	medium-1600x1200	2	98	2d31ce3e73f5803bb7efa41596da0edb9952edcf94f30c150068eee200a77b2a	2d31ce3e73f5803bb7efa41596da0edb9952edcf94f30c150068eee200a77b2a	27738	27738	cpu	required-cuda-stage-declined	{"operation":"webp_transcode","sequence":0,"backend":"cpu","decline_reason":"forced-cpu","decoded_format":"cpu-yuv420","nvdec_decode_status":0,"nvdec_decode_status_result":-1,"nvdec_error_concealed":false,"width":1600,"height":1200,"method":2,"quality":98,"parse_ns":180,"decode_ns":6423598,"device_handoff_ns":0,"webp_encode_ns":167379149,"metadata_ns":50,"total_ns":174084313,"images_per_second":5.744343,"decoded_host_to_device_bytes":0,"decoded_device_to_host_bytes":0,"decoded_device_to_device_bytes":0,"verification_psnr_db":-1.000000,"output_bytes":27738}	{"operation":"webp_transcode","sequence":0,"backend":"cpu","decline_reason":"required-cuda-stage-declined","decoded_format":"cpu-yuv420","nvdec_decode_status":0,"nvdec_decode_status_result":801,"nvdec_error_concealed":false,"width":1600,"height":1200,"method":2,"quality":98,"parse_ns":120,"decode_ns":5881827,"device_handoff_ns":926160,"webp_encode_ns":35374637,"metadata_ns":130,"total_ns":222691757,"images_per_second":4.490512,"decoded_host_to_device_bytes":0,"decoded_device_to_host_bytes":0,"decoded_device_to_device_bytes":0,"verification_psnr_db":-1.000000,"output_bytes":27738}
graphic	medium-1600x1200	3	25	4b67b5949454ddf1147398d6b419875efd286e41b78b97df511eccf47c7ee1af	4b67b5949454ddf1147398d6b419875efd286e41b78b97df511eccf47c7ee1af	11798	11798	nvdec	none	{"operation":"webp_transcode","sequence":0,"backend":"cpu","decline_reason":"forced-cpu","decoded_format":"cpu-yuv420","nvdec_decode_status":0,"nvdec_decode_status_result":-1,"nvdec_error_concealed":false,"width":1600,"height":1200,"method":3,"quality":25,"parse_ns":120,"decode_ns":6304907,"device_handoff_ns":0,"webp_encode_ns":156240101,"metadata_ns":40,"total_ns":162804563,"images_per_second":6.142334,"decoded_host_to_device_bytes":0,"decoded_device_to_host_bytes":0,"decoded_device_to_device_bytes":0,"verification_psnr_db":-1.000000,"output_bytes":11798}	{"operation":"webp_transcode","sequence":0,"backend":"nvdec","decline_reason":"none","decoded_format":"nvdec-nv12","nvdec_decode_status":0,"nvdec_decode_status_result":801,"nvdec_error_concealed":false,"width":1600,"height":1200,"method":3,"quality":25,"parse_ns":140,"decode_ns":156376417,"device_handoff_ns":1045102,"webp_encode_ns":26786715,"metadata_ns":150,"total_ns":183213976,"images_per_second":5.458099,"decoded_host_to_device_bytes":0,"decoded_device_to_host_bytes":0,"decoded_device_to_device_bytes":5760000,"verification_psnr_db":-1.000000,"output_bytes":11798}
graphic	medium-1600x1200	3	75	31bc45a26b4cfbfb888e6eb9ef2b0aae8bc885d890101149d71f4e5be215626f	31bc45a26b4cfbfb888e6eb9ef2b0aae8bc885d890101149d71f4e5be215626f	12984	12984	nvdec	none	{"operation":"webp_transcode","sequence":0,"backend":"cpu","decline_reason":"forced-cpu","decoded_format":"cpu-yuv420","nvdec_decode_status":0,"nvdec_decode_status_result":-1,"nvdec_error_concealed":false,"width":1600,"height":1200,"method":3,"quality":75,"parse_ns":140,"decode_ns":6433778,"device_handoff_ns":0,"webp_encode_ns":157160972,"metadata_ns":70,"total_ns":163855477,"images_per_second":6.102939,"decoded_host_to_device_bytes":0,"decoded_device_to_host_bytes":0,"decoded_device_to_device_bytes":0,"verification_psnr_db":-1.000000,"output_bytes":12984}	{"operation":"webp_transcode","sequence":0,"backend":"nvdec","decline_reason":"none","decoded_format":"nvdec-nv12","nvdec_decode_status":0,"nvdec_decode_status_result":801,"nvdec_error_concealed":false,"width":1600,"height":1200,"method":3,"quality":75,"parse_ns":180,"decode_ns":162149750,"device_handoff_ns":946629,"webp_encode_ns":26983752,"metadata_ns":211,"total_ns":189190099,"images_per_second":5.285689,"decoded_host_to_device_bytes":0,"decoded_device_to_host_bytes":0,"decoded_device_to_device_bytes":5760000,"verification_psnr_db":-1.000000,"output_bytes":12984}
graphic	medium-1600x1200	3	98	c84723a697d9d0237c61a408523bd0219a8c774f6547f8371e202788005b88b1	c84723a697d9d0237c61a408523bd0219a8c774f6547f8371e202788005b88b1	21554	21554	nvdec	none	{"operation":"webp_transcode","sequence":0,"backend":"cpu","decline_reason":"forced-cpu","decoded_format":"cpu-yuv420","nvdec_decode_status":0,"nvdec_decode_status_result":-1,"nvdec_error_concealed":false,"width":1600,"height":1200,"method":3,"quality":98,"parse_ns":130,"decode_ns":6263921,"device_handoff_ns":0,"webp_encode_ns":154437253,"metadata_ns":40,"total_ns":160965258,"images_per_second":6.212521,"decoded_host_to_device_bytes":0,"decoded_device_to_host_bytes":0,"decoded_device_to_device_bytes":0,"verification_psnr_db":-1.000000,"output_bytes":21554}	{"operation":"webp_transcode","sequence":0,"backend":"nvdec","decline_reason":"none","decoded_format":"nvdec-nv12","nvdec_decode_status":0,"nvdec_decode_status_result":801,"nvdec_error_concealed":false,"width":1600,"height":1200,"method":3,"quality":98,"parse_ns":141,"decode_ns":170050117,"device_handoff_ns":992754,"webp_encode_ns":26233672,"metadata_ns":211,"total_ns":196337350,"images_per_second":5.093274,"decoded_host_to_device_bytes":0,"decoded_device_to_host_bytes":0,"decoded_device_to_device_bytes":5760000,"verification_psnr_db":-1.000000,"output_bytes":21554}
graphic	medium-1600x1200	4	25	3f77680d2bb1ca0929da1f5e53bf0dd38b5cb57dc244eb8532650713793e6505	3f77680d2bb1ca0929da1f5e53bf0dd38b5cb57dc244eb8532650713793e6505	11806	11806	nvdec	none	{"operation":"webp_transcode","sequence":0,"backend":"cpu","decline_reason":"forced-cpu","decoded_format":"cpu-yuv420","nvdec_decode_status":0,"nvdec_decode_status_result":-1,"nvdec_error_concealed":false,"width":1600,"height":1200,"method":4,"quality":25,"parse_ns":140,"decode_ns":6446872,"device_handoff_ns":0,"webp_encode_ns":156863997,"metadata_ns":40,"total_ns":163573920,"images_per_second":6.113444,"decoded_host_to_device_bytes":0,"decoded_device_to_host_bytes":0,"decoded_device_to_device_bytes":0,"verification_psnr_db":-1.000000,"output_bytes":11806}	{"operation":"webp_transcode","sequence":0,"backend":"nvdec","decline_reason":"none","decoded_format":"nvdec-nv12","nvdec_decode_status":0,"nvdec_decode_status_result":801,"nvdec_error_concealed":false,"width":1600,"height":1200,"method":4,"quality":25,"parse_ns":150,"decode_ns":152419896,"device_handoff_ns":921691,"webp_encode_ns":26862967,"metadata_ns":602,"total_ns":179339109,"images_per_second":5.576029,"decoded_host_to_device_bytes":0,"decoded_device_to_host_bytes":0,"decoded_device_to_device_bytes":5760000,"verification_psnr_db":-1.000000,"output_bytes":11806}
graphic	medium-1600x1200	4	75	dedeac1e41c28bf952817345714618c0b11a09fef298e730c2646a0e9abf358b	dedeac1e41c28bf952817345714618c0b11a09fef298e730c2646a0e9abf358b	12986	12986	nvdec	none	{"operation":"webp_transcode","sequence":0,"backend":"cpu","decline_reason":"forced-cpu","decoded_format":"cpu-yuv420","nvdec_decode_status":0,"nvdec_decode_status_result":-1,"nvdec_error_concealed":false,"width":1600,"height":1200,"method":4,"quality":75,"parse_ns":141,"decode_ns":6377032,"device_handoff_ns":0,"webp_encode_ns":155232870,"metadata_ns":40,"total_ns":161869878,"images_per_second":6.177802,"decoded_host_to_device_bytes":0,"decoded_device_to_host_bytes":0,"decoded_device_to_device_bytes":0,"verification_psnr_db":-1.000000,"output_bytes":12986}	{"operation":"webp_transcode","sequence":0,"backend":"nvdec","decline_reason":"none","decoded_format":"nvdec-nv12","nvdec_decode_status":0,"nvdec_decode_status_result":801,"nvdec_error_concealed":false,"width":1600,"height":1200,"method":4,"quality":75,"parse_ns":151,"decode_ns":158689397,"device_handoff_ns":925970,"webp_encode_ns":27185440,"metadata_ns":150,"total_ns":185925571,"images_per_second":5.378496,"decoded_host_to_device_bytes":0,"decoded_device_to_host_bytes":0,"decoded_device_to_device_bytes":5760000,"verification_psnr_db":-1.000000,"output_bytes":12986}
graphic	medium-1600x1200	4	98	6105dd1f334ee004e9177eff48fcd585b76c2345987f2ebf6d830a89ab49e923	6105dd1f334ee004e9177eff48fcd585b76c2345987f2ebf6d830a89ab49e923	21538	21538	nvdec	none	{"operation":"webp_transcode","sequence":0,"backend":"cpu","decline_reason":"forced-cpu","decoded_format":"cpu-yuv420","nvdec_decode_status":0,"nvdec_decode_status_result":-1,"nvdec_error_concealed":false,"width":1600,"height":1200,"method":4,"quality":98,"parse_ns":150,"decode_ns":6161930,"device_handoff_ns":0,"webp_encode_ns":155024361,"metadata_ns":131,"total_ns":161444002,"images_per_second":6.194098,"decoded_host_to_device_bytes":0,"decoded_device_to_host_bytes":0,"decoded_device_to_device_bytes":0,"verification_psnr_db":-1.000000,"output_bytes":21538}	{"operation":"webp_transcode","sequence":0,"backend":"nvdec","decline_reason":"none","decoded_format":"nvdec-nv12","nvdec_decode_status":0,"nvdec_decode_status_result":801,"nvdec_error_concealed":false,"width":1600,"height":1200,"method":4,"quality":98,"parse_ns":120,"decode_ns":152681635,"device_handoff_ns":901133,"webp_encode_ns":26725390,"metadata_ns":291,"total_ns":179461236,"images_per_second":5.572234,"decoded_host_to_device_bytes":0,"decoded_device_to_host_bytes":0,"decoded_device_to_device_bytes":5760000,"verification_psnr_db":-1.000000,"output_bytes":21538}
graphic	medium-1600x1200	5	25	9ad19ac6afeb94d534f8b0308ea2ad1230f94684f3c50145ee21c879cf6acee3	9ad19ac6afeb94d534f8b0308ea2ad1230f94684f3c50145ee21c879cf6acee3	13050	13050	nvdec	none	{"operation":"webp_transcode","sequence":0,"backend":"cpu","decline_reason":"forced-cpu","decoded_format":"cpu-yuv420","nvdec_decode_status":0,"nvdec_decode_status_result":-1,"nvdec_error_concealed":false,"width":1600,"height":1200,"method":5,"quality":25,"parse_ns":121,"decode_ns":6458875,"device_handoff_ns":0,"webp_encode_ns":172191547,"metadata_ns":60,"total_ns":178915577,"images_per_second":5.589228,"decoded_host_to_device_bytes":0,"decoded_device_to_host_bytes":0,"decoded_device_to_device_bytes":0,"verification_psnr_db":-1.000000,"output_bytes":13050}	{"operation":"webp_transcode","sequence":0,"backend":"nvdec","decline_reason":"none","decoded_format":"nvdec-nv12","nvdec_decode_status":0,"nvdec_decode_status_result":801,"nvdec_error_concealed":false,"width":1600,"height":1200,"method":5,"quality":25,"parse_ns":361,"decode_ns":162330057,"device_handoff_ns":1054661,"webp_encode_ns":42362539,"metadata_ns":160,"total_ns":204750404,"images_per_second":4.883995,"decoded_host_to_device_bytes":0,"decoded_device_to_host_bytes":0,"decoded_device_to_device_bytes":5760000,"verification_psnr_db":-1.000000,"output_bytes":13050}
graphic	medium-1600x1200	5	75	9e5e978f4b85b809876f7d77e873844d0a1cb3c6a65c8de49318c21eb9a26a4f	9e5e978f4b85b809876f7d77e873844d0a1cb3c6a65c8de49318c21eb9a26a4f	13386	13386	nvdec	none	{"operation":"webp_transcode","sequence":0,"backend":"cpu","decline_reason":"forced-cpu","decoded_format":"cpu-yuv420","nvdec_decode_status":0,"nvdec_decode_status_result":-1,"nvdec_error_concealed":false,"width":1600,"height":1200,"method":5,"quality":75,"parse_ns":140,"decode_ns":6400305,"device_handoff_ns":0,"webp_encode_ns":173797527,"metadata_ns":60,"total_ns":180444853,"images_per_second":5.541859,"decoded_host_to_device_bytes":0,"decoded_device_to_host_bytes":0,"decoded_device_to_device_bytes":0,"verification_psnr_db":-1.000000,"output_bytes":13386}	{"operation":"webp_transcode","sequence":0,"backend":"nvdec","decline_reason":"none","decoded_format":"nvdec-nv12","nvdec_decode_status":0,"nvdec_decode_status_result":801,"nvdec_error_concealed":false,"width":1600,"height":1200,"method":5,"quality":75,"parse_ns":150,"decode_ns":158650534,"device_handoff_ns":932842,"webp_encode_ns":42812420,"metadata_ns":250,"total_ns":201517074,"images_per_second":4.962359,"decoded_host_to_device_bytes":0,"decoded_device_to_host_bytes":0,"decoded_device_to_device_bytes":5760000,"verification_psnr_db":-1.000000,"output_bytes":13386}
graphic	medium-1600x1200	5	98	384b23d76e0f49faa77676fdd8f2c5a717839ac6fb253ea1d61fa5bd42c9e986	384b23d76e0f49faa77676fdd8f2c5a717839ac6fb253ea1d61fa5bd42c9e986	21704	21704	nvdec	none	{"operation":"webp_transcode","sequence":0,"backend":"cpu","decline_reason":"forced-cpu","decoded_format":"cpu-yuv420","nvdec_decode_status":0,"nvdec_decode_status_result":-1,"nvdec_error_concealed":false,"width":1600,"height":1200,"method":5,"quality":98,"parse_ns":150,"decode_ns":6427315,"device_handoff_ns":0,"webp_encode_ns":177430012,"metadata_ns":60,"total_ns":184109028,"images_per_second":5.431564,"decoded_host_to_device_bytes":0,"decoded_device_to_host_bytes":0,"decoded_device_to_device_bytes":0,"verification_psnr_db":-1.000000,"output_bytes":21704}	{"operation":"webp_transcode","sequence":0,"backend":"nvdec","decline_reason":"none","decoded_format":"nvdec-nv12","nvdec_decode_status":0,"nvdec_decode_status_result":801,"nvdec_error_concealed":false,"width":1600,"height":1200,"method":5,"quality":98,"parse_ns":140,"decode_ns":156854038,"device_handoff_ns":919117,"webp_encode_ns":40384293,"metadata_ns":241,"total_ns":197288997,"images_per_second":5.068706,"decoded_host_to_device_bytes":0,"decoded_device_to_host_bytes":0,"decoded_device_to_device_bytes":5760000,"verification_psnr_db":-1.000000,"output_bytes":21704}
graphic	medium-1600x1200	6	25	bbbc7921aae820994244b0ccd3f9e5ca3a46e56d3064a4440d2a2e39b79c6442	bbbc7921aae820994244b0ccd3f9e5ca3a46e56d3064a4440d2a2e39b79c6442	11750	11750	nvdec	none	{"operation":"webp_transcode","sequence":0,"backend":"cpu","decline_reason":"forced-cpu","decoded_format":"cpu-yuv420","nvdec_decode_status":0,"nvdec_decode_status_result":-1,"nvdec_error_concealed":false,"width":1600,"height":1200,"method":6,"quality":25,"parse_ns":180,"decode_ns":6667454,"device_handoff_ns":0,"webp_encode_ns":171721609,"metadata_ns":40,"total_ns":178700675,"images_per_second":5.595950,"decoded_host_to_device_bytes":0,"decoded_device_to_host_bytes":0,"decoded_device_to_device_bytes":0,"verification_psnr_db":-1.000000,"output_bytes":11750}	{"operation":"webp_transcode","sequence":0,"backend":"nvdec","decline_reason":"none","decoded_format":"nvdec-nv12","nvdec_decode_status":0,"nvdec_decode_status_result":801,"nvdec_error_concealed":false,"width":1600,"height":1200,"method":6,"quality":25,"parse_ns":220,"decode_ns":157315550,"device_handoff_ns":966686,"webp_encode_ns":39384817,"metadata_ns":160,"total_ns":196753427,"images_per_second":5.082504,"decoded_host_to_device_bytes":0,"decoded_device_to_host_bytes":0,"decoded_device_to_device_bytes":5760000,"verification_psnr_db":-1.000000,"output_bytes":11750}
graphic	medium-1600x1200	6	75	bf8d58caf09b5b2ad0feeb54be21ecfdfe11ef1e953f2c776199f7862cab96ea	bf8d58caf09b5b2ad0feeb54be21ecfdfe11ef1e953f2c776199f7862cab96ea	12910	12910	nvdec	none	{"operation":"webp_transcode","sequence":0,"backend":"cpu","decline_reason":"forced-cpu","decoded_format":"cpu-yuv420","nvdec_decode_status":0,"nvdec_decode_status_result":-1,"nvdec_error_concealed":false,"width":1600,"height":1200,"method":6,"quality":75,"parse_ns":140,"decode_ns":6343789,"device_handoff_ns":0,"webp_encode_ns":172565526,"metadata_ns":50,"total_ns":179173318,"images_per_second":5.581188,"decoded_host_to_device_bytes":0,"decoded_device_to_host_bytes":0,"decoded_device_to_device_bytes":0,"verification_psnr_db":-1.000000,"output_bytes":12910}	{"operation":"webp_transcode","sequence":0,"backend":"nvdec","decline_reason":"none","decoded_format":"nvdec-nv12","nvdec_decode_status":0,"nvdec_decode_status_result":801,"nvdec_error_concealed":false,"width":1600,"height":1200,"method":6,"quality":75,"parse_ns":140,"decode_ns":157039645,"device_handoff_ns":919377,"webp_encode_ns":42403546,"metadata_ns":351,"total_ns":199496320,"images_per_second":5.012624,"decoded_host_to_device_bytes":0,"decoded_device_to_host_bytes":0,"decoded_device_to_device_bytes":5760000,"verification_psnr_db":-1.000000,"output_bytes":12910}
graphic	medium-1600x1200	6	98	38d69758f9d9a5bfb1dc145e5b5fd9343d288a8acf4e3fdb13a84c98f3d018e9	38d69758f9d9a5bfb1dc145e5b5fd9343d288a8acf4e3fdb13a84c98f3d018e9	21386	21386	nvdec	none	{"operation":"webp_transcode","sequence":0,"backend":"cpu","decline_reason":"forced-cpu","decoded_format":"cpu-yuv420","nvdec_decode_status":0,"nvdec_decode_status_result":-1,"nvdec_error_concealed":false,"width":1600,"height":1200,"method":6,"quality":98,"parse_ns":201,"decode_ns":6453575,"device_handoff_ns":0,"webp_encode_ns":179108457,"metadata_ns":40,"total_ns":185807981,"images_per_second":5.381900,"decoded_host_to_device_bytes":0,"decoded_device_to_host_bytes":0,"decoded_device_to_device_bytes":0,"verification_psnr_db":-1.000000,"output_bytes":21386}	{"operation":"webp_transcode","sequence":0,"backend":"nvdec","decline_reason":"none","decoded_format":"nvdec-nv12","nvdec_decode_status":0,"nvdec_decode_status_result":801,"nvdec_error_concealed":false,"width":1600,"height":1200,"method":6,"quality":98,"parse_ns":150,"decode_ns":157662458,"device_handoff_ns":950856,"webp_encode_ns":46256993,"metadata_ns":200,"total_ns":203974625,"images_per_second":4.902571,"decoded_host_to_device_bytes":0,"decoded_device_to_host_bytes":0,"decoded_device_to_device_bytes":5760000,"verification_psnr_db":-1.000000,"output_bytes":21386}
photo	medium-1600x1200	0	25	7aae674d878c77b2fde0f72718696fbe3ad1b4b8128f4fe9521944d196709d3a	7aae674d878c77b2fde0f72718696fbe3ad1b4b8128f4fe9521944d196709d3a	7778	7778	cpu	required-cuda-stage-declined	{"operation":"webp_transcode","sequence":0,"backend":"cpu","decline_reason":"forced-cpu","decoded_format":"cpu-yuv420","nvdec_decode_status":0,"nvdec_decode_status_result":-1,"nvdec_error_concealed":false,"width":1600,"height":1200,"method":0,"quality":25,"parse_ns":140,"decode_ns":17669706,"device_handoff_ns":0,"webp_encode_ns":152022603,"metadata_ns":50,"total_ns":169974726,"images_per_second":5.883228,"decoded_host_to_device_bytes":0,"decoded_device_to_host_bytes":0,"decoded_device_to_device_bytes":0,"verification_psnr_db":-1.000000,"output_bytes":7778}	{"operation":"webp_transcode","sequence":0,"backend":"cpu","decline_reason":"required-cuda-stage-declined","decoded_format":"cpu-yuv420","nvdec_decode_status":0,"nvdec_decode_status_result":801,"nvdec_error_concealed":false,"width":1600,"height":1200,"method":0,"quality":25,"parse_ns":130,"decode_ns":17221378,"device_handoff_ns":943052,"webp_encode_ns":8382398,"metadata_ns":50,"total_ns":196254604,"images_per_second":5.095422,"decoded_host_to_device_bytes":0,"decoded_device_to_host_bytes":0,"decoded_device_to_device_bytes":0,"verification_psnr_db":-1.000000,"output_bytes":7778}
photo	medium-1600x1200	0	75	c795e13a58a669e41f574e2fa782d57b1e59926cd6b4169a374bea1d3d7e7120	c795e13a58a669e41f574e2fa782d57b1e59926cd6b4169a374bea1d3d7e7120	239352	239352	cpu	required-cuda-stage-declined	{"operation":"webp_transcode","sequence":0,"backend":"cpu","decline_reason":"forced-cpu","decoded_format":"cpu-yuv420","nvdec_decode_status":0,"nvdec_decode_status_result":-1,"nvdec_error_concealed":false,"width":1600,"height":1200,"method":0,"quality":75,"parse_ns":140,"decode_ns":17620052,"device_handoff_ns":0,"webp_encode_ns":154799260,"metadata_ns":40,"total_ns":172687303,"images_per_second":5.790814,"decoded_host_to_device_bytes":0,"decoded_device_to_host_bytes":0,"decoded_device_to_device_bytes":0,"verification_psnr_db":-1.000000,"output_bytes":239352}	{"operation":"webp_transcode","sequence":0,"backend":"cpu","decline_reason":"required-cuda-stage-declined","decoded_format":"cpu-yuv420","nvdec_decode_status":0,"nvdec_decode_status_result":801,"nvdec_error_concealed":false,"width":1600,"height":1200,"method":0,"quality":75,"parse_ns":150,"decode_ns":17140357,"device_handoff_ns":923315,"webp_encode_ns":24526543,"metadata_ns":30,"total_ns":210444249,"images_per_second":4.751852,"decoded_host_to_device_bytes":0,"decoded_device_to_host_bytes":0,"decoded_device_to_device_bytes":0,"verification_psnr_db":-1.000000,"output_bytes":239352}
photo	medium-1600x1200	0	98	c079358b5599d3f5c340136f1dd44f83b89626545dd896016e8b8bc46cccfd54	c079358b5599d3f5c340136f1dd44f83b89626545dd896016e8b8bc46cccfd54	593290	593290	cpu	required-cuda-stage-declined	{"operation":"webp_transcode","sequence":0,"backend":"cpu","decline_reason":"forced-cpu","decoded_format":"cpu-yuv420","nvdec_decode_status":0,"nvdec_decode_status_result":-1,"nvdec_error_concealed":false,"width":1600,"height":1200,"method":0,"quality":98,"parse_ns":191,"decode_ns":17419828,"device_handoff_ns":0,"webp_encode_ns":199121981,"metadata_ns":40,"total_ns":216803528,"images_per_second":4.612471,"decoded_host_to_device_bytes":0,"decoded_device_to_host_bytes":0,"decoded_device_to_device_bytes":0,"verification_psnr_db":-1.000000,"output_bytes":593290}	{"operation":"webp_transcode","sequence":0,"backend":"cpu","decline_reason":"required-cuda-stage-declined","decoded_format":"cpu-yuv420","nvdec_decode_status":0,"nvdec_decode_status_result":801,"nvdec_error_concealed":false,"width":1600,"height":1200,"method":0,"quality":98,"parse_ns":140,"decode_ns":17290387,"device_handoff_ns":937130,"webp_encode_ns":64230025,"metadata_ns":111,"total_ns":262298468,"images_per_second":3.812451,"decoded_host_to_device_bytes":0,"decoded_device_to_host_bytes":0,"decoded_device_to_device_bytes":0,"verification_psnr_db":-1.000000,"output_bytes":593290}
photo	medium-1600x1200	1	25	690d2a4487e37888877087a85dad3c09ae081c3047c727bbb9985b38cbadd2e4	690d2a4487e37888877087a85dad3c09ae081c3047c727bbb9985b38cbadd2e4	5904	5904	cpu	required-cuda-stage-declined	{"operation":"webp_transcode","sequence":0,"backend":"cpu","decline_reason":"forced-cpu","decoded_format":"cpu-yuv420","nvdec_decode_status":0,"nvdec_decode_status_result":-1,"nvdec_error_concealed":false,"width":1600,"height":1200,"method":1,"quality":25,"parse_ns":140,"decode_ns":17387158,"device_handoff_ns":0,"webp_encode_ns":142017766,"metadata_ns":130,"total_ns":159677271,"images_per_second":6.262632,"decoded_host_to_device_bytes":0,"decoded_device_to_host_bytes":0,"decoded_device_to_device_bytes":0,"verification_psnr_db":-1.000000,"output_bytes":5904}	{"operation":"webp_transcode","sequence":0,"backend":"cpu","decline_reason":"required-cuda-stage-declined","decoded_format":"cpu-yuv420","nvdec_decode_status":0,"nvdec_decode_status_result":801,"nvdec_error_concealed":false,"width":1600,"height":1200,"method":1,"quality":25,"parse_ns":191,"decode_ns":17751748,"device_handoff_ns":956377,"webp_encode_ns":13853848,"metadata_ns":40,"total_ns":202288686,"images_per_second":4.943430,"decoded_host_to_device_bytes":0,"decoded_device_to_host_bytes":0,"decoded_device_to_device_bytes":0,"verification_psnr_db":-1.000000,"output_bytes":5904}
photo	medium-1600x1200	1	75	502299fb2090f542832ce639eaa5ee65fda57016a68029c6eeb0bc856490ee9b	502299fb2090f542832ce639eaa5ee65fda57016a68029c6eeb0bc856490ee9b	237712	237712	cpu	required-cuda-stage-declined	{"operation":"webp_transcode","sequence":0,"backend":"cpu","decline_reason":"forced-cpu","decoded_format":"cpu-yuv420","nvdec_decode_status":0,"nvdec_decode_status_result":-1,"nvdec_error_concealed":false,"width":1600,"height":1200,"method":1,"quality":75,"parse_ns":140,"decode_ns":17868857,"device_handoff_ns":0,"webp_encode_ns":165989663,"metadata_ns":50,"total_ns":184128725,"images_per_second":5.430983,"decoded_host_to_device_bytes":0,"decoded_device_to_host_bytes":0,"decoded_device_to_device_bytes":0,"verification_psnr_db":-1.000000,"output_bytes":237712}	{"operation":"webp_transcode","sequence":0,"backend":"cpu","decline_reason":"required-cuda-stage-declined","decoded_format":"cpu-yuv420","nvdec_decode_status":0,"nvdec_decode_status_result":801,"nvdec_error_concealed":false,"width":1600,"height":1200,"method":1,"quality":75,"parse_ns":140,"decode_ns":17340250,"device_handoff_ns":950505,"webp_encode_ns":32173216,"metadata_ns":40,"total_ns":223346600,"images_per_second":4.477346,"decoded_host_to_device_bytes":0,"decoded_device_to_host_bytes":0,"decoded_device_to_device_bytes":0,"verification_psnr_db":-1.000000,"output_bytes":237712}
photo	medium-1600x1200	1	98	1d5ff3d48e9b60cca2e4c5daae875e6b23e2dceb753fb53c272a7edcfd9171f6	1d5ff3d48e9b60cca2e4c5daae875e6b23e2dceb753fb53c272a7edcfd9171f6	593506	593506	cpu	required-cuda-stage-declined	{"operation":"webp_transcode","sequence":0,"backend":"cpu","decline_reason":"forced-cpu","decoded_format":"cpu-yuv420","nvdec_decode_status":0,"nvdec_decode_status_result":-1,"nvdec_error_concealed":false,"width":1600,"height":1200,"method":1,"quality":98,"parse_ns":150,"decode_ns":17269247,"device_handoff_ns":0,"webp_encode_ns":219520974,"metadata_ns":50,"total_ns":237053423,"images_per_second":4.218458,"decoded_host_to_device_bytes":0,"decoded_device_to_host_bytes":0,"decoded_device_to_device_bytes":0,"verification_psnr_db":-1.000000,"output_bytes":593506}	{"operation":"webp_transcode","sequence":0,"backend":"cpu","decline_reason":"required-cuda-stage-declined","decoded_format":"cpu-yuv420","nvdec_decode_status":0,"nvdec_decode_status_result":801,"nvdec_error_concealed":false,"width":1600,"height":1200,"method":1,"quality":98,"parse_ns":351,"decode_ns":17527169,"device_handoff_ns":981644,"webp_encode_ns":82736754,"metadata_ns":50,"total_ns":298579968,"images_per_second":3.349187,"decoded_host_to_device_bytes":0,"decoded_device_to_host_bytes":0,"decoded_device_to_device_bytes":0,"verification_psnr_db":-1.000000,"output_bytes":593506}
photo	medium-1600x1200	2	25	1bb38a672a46ef9ec9381202e8d323e53c2b19fe1b40a833025fc7db893acecc	1bb38a672a46ef9ec9381202e8d323e53c2b19fe1b40a833025fc7db893acecc	5930	5930	cpu	required-cuda-stage-declined	{"operation":"webp_transcode","sequence":0,"backend":"cpu","decline_reason":"forced-cpu","decoded_format":"cpu-yuv420","nvdec_decode_status":0,"nvdec_decode_status_result":-1,"nvdec_error_concealed":false,"width":1600,"height":1200,"method":2,"quality":25,"parse_ns":130,"decode_ns":18498353,"device_handoff_ns":0,"webp_encode_ns":147600433,"metadata_ns":40,"total_ns":166370534,"images_per_second":6.010680,"decoded_host_to_device_bytes":0,"decoded_device_to_host_bytes":0,"decoded_device_to_device_bytes":0,"verification_psnr_db":-1.000000,"output_bytes":5930}	{"operation":"webp_transcode","sequence":0,"backend":"cpu","decline_reason":"required-cuda-stage-declined","decoded_format":"cpu-yuv420","nvdec_decode_status":0,"nvdec_decode_status_result":801,"nvdec_error_concealed":false,"width":1600,"height":1200,"method":2,"quality":25,"parse_ns":160,"decode_ns":17384723,"device_handoff_ns":1110164,"webp_encode_ns":14848325,"metadata_ns":50,"total_ns":207143614,"images_per_second":4.827569,"decoded_host_to_device_bytes":0,"decoded_device_to_host_bytes":0,"decoded_device_to_device_bytes":0,"verification_psnr_db":-1.000000,"output_bytes":5930}
photo	medium-1600x1200	2	75	6c35d5daa3d5770106685ccf4603a62d62c91c33f21ea545bd2ac13531b733f0	6c35d5daa3d5770106685ccf4603a62d62c91c33f21ea545bd2ac13531b733f0	239470	239470	cpu	required-cuda-stage-declined	{"operation":"webp_transcode","sequence":0,"backend":"cpu","decline_reason":"forced-cpu","decoded_format":"cpu-yuv420","nvdec_decode_status":0,"nvdec_decode_status_result":-1,"nvdec_error_concealed":false,"width":1600,"height":1200,"method":2,"quality":75,"parse_ns":141,"decode_ns":17667592,"device_handoff_ns":0,"webp_encode_ns":181516745,"metadata_ns":40,"total_ns":199459010,"images_per_second":5.013561,"decoded_host_to_device_bytes":0,"decoded_device_to_host_bytes":0,"decoded_device_to_device_bytes":0,"verification_psnr_db":-1.000000,"output_bytes":239470}	{"operation":"webp_transcode","sequence":0,"backend":"cpu","decline_reason":"required-cuda-stage-declined","decoded_format":"cpu-yuv420","nvdec_decode_status":0,"nvdec_decode_status_result":801,"nvdec_error_concealed":false,"width":1600,"height":1200,"method":2,"quality":75,"parse_ns":140,"decode_ns":16848381,"device_handoff_ns":1003896,"webp_encode_ns":45283195,"metadata_ns":40,"total_ns":243777883,"images_per_second":4.102095,"decoded_host_to_device_bytes":0,"decoded_device_to_host_bytes":0,"decoded_device_to_device_bytes":0,"verification_psnr_db":-1.000000,"output_bytes":239470}
photo	medium-1600x1200	2	98	1140858effe4f7cd96099968f4b48147e4567f3c08566e7bd3402ca8a571c7cc	1140858effe4f7cd96099968f4b48147e4567f3c08566e7bd3402ca8a571c7cc	590192	590192	cpu	required-cuda-stage-declined	{"operation":"webp_transcode","sequence":0,"backend":"cpu","decline_reason":"forced-cpu","decoded_format":"cpu-yuv420","nvdec_decode_status":0,"nvdec_decode_status_result":-1,"nvdec_error_concealed":false,"width":1600,"height":1200,"method":2,"quality":98,"parse_ns":140,"decode_ns":17718306,"device_handoff_ns":0,"webp_encode_ns":224794865,"metadata_ns":50,"total_ns":242785610,"images_per_second":4.118860,"decoded_host_to_device_bytes":0,"decoded_device_to_host_bytes":0,"decoded_device_to_device_bytes":0,"verification_psnr_db":-1.000000,"output_bytes":590192}	{"operation":"webp_transcode","sequence":0,"backend":"cpu","decline_reason":"required-cuda-stage-declined","decoded_format":"cpu-yuv420","nvdec_decode_status":0,"nvdec_decode_status_result":801,"nvdec_error_concealed":false,"width":1600,"height":1200,"method":2,"quality":98,"parse_ns":141,"decode_ns":17472276,"device_handoff_ns":1054269,"webp_encode_ns":85088738,"metadata_ns":40,"total_ns":308125909,"images_per_second":3.245427,"decoded_host_to_device_bytes":0,"decoded_device_to_host_bytes":0,"decoded_device_to_device_bytes":0,"verification_psnr_db":-1.000000,"output_bytes":590192}
photo	medium-1600x1200	3	25	fbce83a9b7aab49a901315faf9647015caabe8612f79ff2e520715b5e55c1024	fbce83a9b7aab49a901315faf9647015caabe8612f79ff2e520715b5e55c1024	5918	5918	nvdec	none	{"operation":"webp_transcode","sequence":0,"backend":"cpu","decline_reason":"forced-cpu","decoded_format":"cpu-yuv420","nvdec_decode_status":0,"nvdec_decode_status_result":-1,"nvdec_error_concealed":false,"width":1600,"height":1200,"method":3,"quality":25,"parse_ns":140,"decode_ns":17588513,"device_handoff_ns":0,"webp_encode_ns":170464601,"metadata_ns":40,"total_ns":188308412,"images_per_second":5.310437,"decoded_host_to_device_bytes":0,"decoded_device_to_host_bytes":0,"decoded_device_to_device_bytes":0,"verification_psnr_db":-1.000000,"output_bytes":5918}	{"operation":"webp_transcode","sequence":0,"backend":"nvdec","decline_reason":"none","decoded_format":"nvdec-nv12","nvdec_decode_status":0,"nvdec_decode_status_result":801,"nvdec_error_concealed":false,"width":1600,"height":1200,"method":3,"quality":25,"parse_ns":221,"decode_ns":168537832,"device_handoff_ns":1005208,"webp_encode_ns":28998376,"metadata_ns":220,"total_ns":197589097,"images_per_second":5.061008,"decoded_host_to_device_bytes":0,"decoded_device_to_host_bytes":0,"decoded_device_to_device_bytes":5760000,"verification_psnr_db":-1.000000,"output_bytes":5918}
photo	medium-1600x1200	3	75	b2d6725b482ebd2127c6db0a04b642b81208e9dd17a541be36fad9266bd3f333	b2d6725b482ebd2127c6db0a04b642b81208e9dd17a541be36fad9266bd3f333	239410	239410	nvdec	none	{"operation":"webp_transcode","sequence":0,"backend":"cpu","decline_reason":"forced-cpu","decoded_format":"cpu-yuv420","nvdec_decode_status":0,"nvdec_decode_status_result":-1,"nvdec_error_concealed":false,"width":1600,"height":1200,"method":3,"quality":75,"parse_ns":141,"decode_ns":17506621,"device_handoff_ns":0,"webp_encode_ns":173557267,"metadata_ns":50,"total_ns":191316260,"images_per_second":5.226947,"decoded_host_to_device_bytes":0,"decoded_device_to_host_bytes":0,"decoded_device_to_device_bytes":0,"verification_psnr_db":-1.000000,"output_bytes":239410}	{"operation":"webp_transcode","sequence":0,"backend":"nvdec","decline_reason":"none","decoded_format":"nvdec-nv12","nvdec_decode_status":0,"nvdec_decode_status_result":801,"nvdec_error_concealed":false,"width":1600,"height":1200,"method":3,"quality":75,"parse_ns":141,"decode_ns":167231042,"device_handoff_ns":1150319,"webp_encode_ns":33254446,"metadata_ns":210,"total_ns":200537655,"images_per_second":4.986595,"decoded_host_to_device_bytes":0,"decoded_device_to_host_bytes":0,"decoded_device_to_device_bytes":5760000,"verification_psnr_db":-1.000000,"output_bytes":239410}
photo	medium-1600x1200	3	98	b9f4d22c7eebb8886b408e5701b791e61dcece2de33ccb49f0b86f916b7ded31	b9f4d22c7eebb8886b408e5701b791e61dcece2de33ccb49f0b86f916b7ded31	317624	317624	nvdec	none	{"operation":"webp_transcode","sequence":0,"backend":"cpu","decline_reason":"forced-cpu","decoded_format":"cpu-yuv420","nvdec_decode_status":0,"nvdec_decode_status_result":-1,"nvdec_error_concealed":false,"width":1600,"height":1200,"method":3,"quality":98,"parse_ns":140,"decode_ns":17823242,"device_handoff_ns":0,"webp_encode_ns":172896313,"metadata_ns":251,"total_ns":190958993,"images_per_second":5.236726,"decoded_host_to_device_bytes":0,"decoded_device_to_host_bytes":0,"decoded_device_to_device_bytes":0,"verification_psnr_db":-1.000000,"output_bytes":317624}	{"operation":"webp_transcode","sequence":0,"backend":"nvdec","decline_reason":"none","decoded_format":"nvdec-nv12","nvdec_decode_status":0,"nvdec_decode_status_result":801,"nvdec_error_concealed":false,"width":1600,"height":1200,"method":3,"quality":98,"parse_ns":141,"decode_ns":175422783,"device_handoff_ns":1007882,"webp_encode_ns":39557199,"metadata_ns":221,"total_ns":215035125,"images_per_second":4.650403,"decoded_host_to_device_bytes":0,"decoded_device_to_host_bytes":0,"decoded_device_to_device_bytes":5760000,"verification_psnr_db":-1.000000,"output_bytes":317624}
photo	medium-1600x1200	4	25	41f0b9158c281b2c76a0471a7a561608eeb59e3d7abea4dc84643c8df836f568	41f0b9158c281b2c76a0471a7a561608eeb59e3d7abea4dc84643c8df836f568	5928	5928	nvdec	none	{"operation":"webp_transcode","sequence":0,"backend":"cpu","decline_reason":"forced-cpu","decoded_format":"cpu-yuv420","nvdec_decode_status":0,"nvdec_decode_status_result":-1,"nvdec_error_concealed":false,"width":1600,"height":1200,"method":4,"quality":25,"parse_ns":241,"decode_ns":20192808,"device_handoff_ns":0,"webp_encode_ns":169269048,"metadata_ns":51,"total_ns":189717855,"images_per_second":5.270985,"decoded_host_to_device_bytes":0,"decoded_device_to_host_bytes":0,"decoded_device_to_device_bytes":0,"verification_psnr_db":-1.000000,"output_bytes":5928}	{"operation":"webp_transcode","sequence":0,"backend":"nvdec","decline_reason":"none","decoded_format":"nvdec-nv12","nvdec_decode_status":0,"nvdec_decode_status_result":801,"nvdec_error_concealed":false,"width":1600,"height":1200,"method":4,"quality":25,"parse_ns":210,"decode_ns":177541139,"device_handoff_ns":1003154,"webp_encode_ns":29271857,"metadata_ns":161,"total_ns":206870704,"images_per_second":4.833937,"decoded_host_to_device_bytes":0,"decoded_device_to_host_bytes":0,"decoded_device_to_device_bytes":5760000,"verification_psnr_db":-1.000000,"output_bytes":5928}
photo	medium-1600x1200	4	75	85b869d6a504aeea38cc15445d7c0d0318dc945290f365f4065abf7ef77375b2	85b869d6a504aeea38cc15445d7c0d0318dc945290f365f4065abf7ef77375b2	239436	239436	nvdec	none	{"operation":"webp_transcode","sequence":0,"backend":"cpu","decline_reason":"forced-cpu","decoded_format":"cpu-yuv420","nvdec_decode_status":0,"nvdec_decode_status_result":-1,"nvdec_error_concealed":false,"width":1600,"height":1200,"method":4,"quality":75,"parse_ns":250,"decode_ns":18947752,"device_handoff_ns":0,"webp_encode_ns":178146140,"metadata_ns":50,"total_ns":197317730,"images_per_second":5.067968,"decoded_host_to_device_bytes":0,"decoded_device_to_host_bytes":0,"decoded_device_to_device_bytes":0,"verification_psnr_db":-1.000000,"output_bytes":239436}	{"operation":"webp_transcode","sequence":0,"backend":"nvdec","decline_reason":"none","decoded_format":"nvdec-nv12","nvdec_decode_status":0,"nvdec_decode_status_result":801,"nvdec_error_concealed":false,"width":1600,"height":1200,"method":4,"quality":75,"parse_ns":210,"decode_ns":172233145,"device_handoff_ns":1060561,"webp_encode_ns":33986744,"metadata_ns":611,"total_ns":206273007,"images_per_second":4.847944,"decoded_host_to_device_bytes":0,"decoded_device_to_host_bytes":0,"decoded_device_to_device_bytes":5760000,"verification_psnr_db":-1.000000,"output_bytes":239436}
photo	medium-1600x1200	4	98	9392c88a7d62cdce89467c913dadf9dd4e349612b54909dfc2e5ae864a2764f5	9392c88a7d62cdce89467c913dadf9dd4e349612b54909dfc2e5ae864a2764f5	317544	317544	nvdec	none	{"operation":"webp_transcode","sequence":0,"backend":"cpu","decline_reason":"forced-cpu","decoded_format":"cpu-yuv420","nvdec_decode_status":0,"nvdec_decode_status_result":-1,"nvdec_error_concealed":false,"width":1600,"height":1200,"method":4,"quality":98,"parse_ns":140,"decode_ns":17598352,"device_handoff_ns":0,"webp_encode_ns":186909639,"metadata_ns":60,"total_ns":204739804,"images_per_second":4.884248,"decoded_host_to_device_bytes":0,"decoded_device_to_host_bytes":0,"decoded_device_to_device_bytes":0,"verification_psnr_db":-1.000000,"output_bytes":317544}	{"operation":"webp_transcode","sequence":0,"backend":"nvdec","decline_reason":"none","decoded_format":"nvdec-nv12","nvdec_decode_status":0,"nvdec_decode_status_result":801,"nvdec_error_concealed":false,"width":1600,"height":1200,"method":4,"quality":98,"parse_ns":141,"decode_ns":169800380,"device_handoff_ns":1028120,"webp_encode_ns":43504292,"metadata_ns":210,"total_ns":213358663,"images_per_second":4.686944,"decoded_host_to_device_bytes":0,"decoded_device_to_host_bytes":0,"decoded_device_to_device_bytes":5760000,"verification_psnr_db":-1.000000,"output_bytes":317544}
photo	medium-1600x1200	5	25	08d03c9bd61f72720e7b8337a02b5ea0b71bd184555cffbee9b172fd1e6b32c2	08d03c9bd61f72720e7b8337a02b5ea0b71bd184555cffbee9b172fd1e6b32c2	7278	7278	nvdec	none	{"operation":"webp_transcode","sequence":0,"backend":"cpu","decline_reason":"forced-cpu","decoded_format":"cpu-yuv420","nvdec_decode_status":0,"nvdec_decode_status_result":-1,"nvdec_error_concealed":false,"width":1600,"height":1200,"method":5,"quality":25,"parse_ns":151,"decode_ns":17388770,"device_handoff_ns":0,"webp_encode_ns":191505914,"metadata_ns":50,"total_ns":209142147,"images_per_second":4.781437,"decoded_host_to_device_bytes":0,"decoded_device_to_host_bytes":0,"decoded_device_to_device_bytes":0,"verification_psnr_db":-1.000000,"output_bytes":7278}	{"operation":"webp_transcode","sequence":0,"backend":"nvdec","decline_reason":"none","decoded_format":"nvdec-nv12","nvdec_decode_status":0,"nvdec_decode_status_result":801,"nvdec_error_concealed":false,"width":1600,"height":1200,"method":5,"quality":25,"parse_ns":140,"decode_ns":173533293,"device_handoff_ns":1038800,"webp_encode_ns":44431774,"metadata_ns":341,"total_ns":218017455,"images_per_second":4.586789,"decoded_host_to_device_bytes":0,"decoded_device_to_host_bytes":0,"decoded_device_to_device_bytes":5760000,"verification_psnr_db":-1.000000,"output_bytes":7278}
photo	medium-1600x1200	5	75	4cddf5a9080ab56b14cdf55ffe0d1d4d4f53a866e2833c08d43d8a7a3d82e716	4cddf5a9080ab56b14cdf55ffe0d1d4d4f53a866e2833c08d43d8a7a3d82e716	234964	234964	nvdec	none	{"operation":"webp_transcode","sequence":0,"backend":"cpu","decline_reason":"forced-cpu","decoded_format":"cpu-yuv420","nvdec_decode_status":0,"nvdec_decode_status_result":-1,"nvdec_error_concealed":false,"width":1600,"height":1200,"method":5,"quality":75,"parse_ns":150,"decode_ns":17817943,"device_handoff_ns":0,"webp_encode_ns":205595893,"metadata_ns":70,"total_ns":223668981,"images_per_second":4.470893,"decoded_host_to_device_bytes":0,"decoded_device_to_host_bytes":0,"decoded_device_to_device_bytes":0,"verification_psnr_db":-1.000000,"output_bytes":234964}	{"operation":"webp_transcode","sequence":0,"backend":"nvdec","decline_reason":"none","decoded_format":"nvdec-nv12","nvdec_decode_status":0,"nvdec_decode_status_result":801,"nvdec_error_concealed":false,"width":1600,"height":1200,"method":5,"quality":75,"parse_ns":140,"decode_ns":168443827,"device_handoff_ns":1032189,"webp_encode_ns":65704710,"metadata_ns":201,"total_ns":234201946,"images_per_second":4.269819,"decoded_host_to_device_bytes":0,"decoded_device_to_host_bytes":0,"decoded_device_to_device_bytes":5760000,"verification_psnr_db":-1.000000,"output_bytes":234964}
photo	medium-1600x1200	5	98	e8fee6baa21de5ced1f4c14909da5005d393c2883ac9a1e31fc21e4ef0376f94	e8fee6baa21de5ced1f4c14909da5005d393c2883ac9a1e31fc21e4ef0376f94	318188	318188	nvdec	none	{"operation":"webp_transcode","sequence":0,"backend":"cpu","decline_reason":"forced-cpu","decoded_format":"cpu-yuv420","nvdec_decode_status":0,"nvdec_decode_status_result":-1,"nvdec_error_concealed":false,"width":1600,"height":1200,"method":5,"quality":98,"parse_ns":180,"decode_ns":18283112,"device_handoff_ns":0,"webp_encode_ns":212332456,"metadata_ns":60,"total_ns":230867437,"images_per_second":4.331490,"decoded_host_to_device_bytes":0,"decoded_device_to_host_bytes":0,"decoded_device_to_device_bytes":0,"verification_psnr_db":-1.000000,"output_bytes":318188}	{"operation":"webp_transcode","sequence":0,"backend":"nvdec","decline_reason":"none","decoded_format":"nvdec-nv12","nvdec_decode_status":0,"nvdec_decode_status_result":801,"nvdec_error_concealed":false,"width":1600,"height":1200,"method":5,"quality":98,"parse_ns":150,"decode_ns":175982929,"device_handoff_ns":964772,"webp_encode_ns":64728567,"metadata_ns":321,"total_ns":240768291,"images_per_second":4.153371,"decoded_host_to_device_bytes":0,"decoded_device_to_host_bytes":0,"decoded_device_to_device_bytes":5760000,"verification_psnr_db":-1.000000,"output_bytes":318188}
photo	medium-1600x1200	6	25	41f0b9158c281b2c76a0471a7a561608eeb59e3d7abea4dc84643c8df836f568	41f0b9158c281b2c76a0471a7a561608eeb59e3d7abea4dc84643c8df836f568	5928	5928	nvdec	none	{"operation":"webp_transcode","sequence":0,"backend":"cpu","decline_reason":"forced-cpu","decoded_format":"cpu-yuv420","nvdec_decode_status":0,"nvdec_decode_status_result":-1,"nvdec_error_concealed":false,"width":1600,"height":1200,"method":6,"quality":25,"parse_ns":181,"decode_ns":17724358,"device_handoff_ns":0,"webp_encode_ns":177131674,"metadata_ns":61,"total_ns":195110167,"images_per_second":5.125310,"decoded_host_to_device_bytes":0,"decoded_device_to_host_bytes":0,"decoded_device_to_device_bytes":0,"verification_psnr_db":-1.000000,"output_bytes":5928}	{"operation":"webp_transcode","sequence":0,"backend":"nvdec","decline_reason":"none","decoded_format":"nvdec-nv12","nvdec_decode_status":0,"nvdec_decode_status_result":801,"nvdec_error_concealed":false,"width":1600,"height":1200,"method":6,"quality":25,"parse_ns":131,"decode_ns":162955094,"device_handoff_ns":964071,"webp_encode_ns":34372475,"metadata_ns":220,"total_ns":197383603,"images_per_second":5.066277,"decoded_host_to_device_bytes":0,"decoded_device_to_host_bytes":0,"decoded_device_to_device_bytes":5760000,"verification_psnr_db":-1.000000,"output_bytes":5928}
photo	medium-1600x1200	6	75	619a9372e63de28a2b332b4b783372ce55a9ab5a2851095812a995df4098883c	619a9372e63de28a2b332b4b783372ce55a9ab5a2851095812a995df4098883c	234356	234356	nvdec	none	{"operation":"webp_transcode","sequence":0,"backend":"cpu","decline_reason":"forced-cpu","decoded_format":"cpu-yuv420","nvdec_decode_status":0,"nvdec_decode_status_result":-1,"nvdec_error_concealed":false,"width":1600,"height":1200,"method":6,"quality":75,"parse_ns":200,"decode_ns":17525455,"device_handoff_ns":0,"webp_encode_ns":208296898,"metadata_ns":51,"total_ns":226080506,"images_per_second":4.423203,"decoded_host_to_device_bytes":0,"decoded_device_to_host_bytes":0,"decoded_device_to_device_bytes":0,"verification_psnr_db":-1.000000,"output_bytes":234356}	{"operation":"webp_transcode","sequence":0,"backend":"nvdec","decline_reason":"none","decoded_format":"nvdec-nv12","nvdec_decode_status":0,"nvdec_decode_status_result":801,"nvdec_error_concealed":false,"width":1600,"height":1200,"method":6,"quality":75,"parse_ns":141,"decode_ns":163550436,"device_handoff_ns":939946,"webp_encode_ns":64210709,"metadata_ns":211,"total_ns":227813283,"images_per_second":4.389560,"decoded_host_to_device_bytes":0,"decoded_device_to_host_bytes":0,"decoded_device_to_device_bytes":5760000,"verification_psnr_db":-1.000000,"output_bytes":234356}
photo	medium-1600x1200	6	98	e7af9bbd8ab2652cbda074ba919ca0440d752e46d831a255c6c1211eac0bf1d4	e7af9bbd8ab2652cbda074ba919ca0440d752e46d831a255c6c1211eac0bf1d4	312332	312332	nvdec	none	{"operation":"webp_transcode","sequence":0,"backend":"cpu","decline_reason":"forced-cpu","decoded_format":"cpu-yuv420","nvdec_decode_status":0,"nvdec_decode_status_result":-1,"nvdec_error_concealed":false,"width":1600,"height":1200,"method":6,"quality":98,"parse_ns":130,"decode_ns":17480561,"device_handoff_ns":0,"webp_encode_ns":210978557,"metadata_ns":50,"total_ns":228721228,"images_per_second":4.372135,"decoded_host_to_device_bytes":0,"decoded_device_to_host_bytes":0,"decoded_device_to_device_bytes":0,"verification_psnr_db":-1.000000,"output_bytes":312332}	{"operation":"webp_transcode","sequence":0,"backend":"nvdec","decline_reason":"none","decoded_format":"nvdec-nv12","nvdec_decode_status":0,"nvdec_decode_status_result":801,"nvdec_error_concealed":false,"width":1600,"height":1200,"method":6,"quality":98,"parse_ns":130,"decode_ns":156060766,"device_handoff_ns":913366,"webp_encode_ns":78897152,"metadata_ns":200,"total_ns":235009594,"images_per_second":4.255145,"decoded_host_to_device_bytes":0,"decoded_device_to_host_bytes":0,"decoded_device_to_device_bytes":5760000,"verification_psnr_db":-1.000000,"output_bytes":312332}
texture	medium-1600x1200	0	25	d3d33c324bd06ecabe010c80734484027b15c4e6950ef939e4ae230e96a8afcc	d3d33c324bd06ecabe010c80734484027b15c4e6950ef939e4ae230e96a8afcc	792732	792732	cpu	required-cuda-stage-declined	{"operation":"webp_transcode","sequence":0,"backend":"cpu","decline_reason":"forced-cpu","decoded_format":"cpu-yuv420","nvdec_decode_status":0,"nvdec_decode_status_result":-1,"nvdec_error_concealed":false,"width":1600,"height":1200,"method":0,"quality":25,"parse_ns":141,"decode_ns":81432037,"device_handoff_ns":0,"webp_encode_ns":199243216,"metadata_ns":30,"total_ns":280938846,"images_per_second":3.559494,"decoded_host_to_device_bytes":0,"decoded_device_to_host_bytes":0,"decoded_device_to_device_bytes":0,"verification_psnr_db":-1.000000,"output_bytes":792732}	{"operation":"webp_transcode","sequence":0,"backend":"cpu","decline_reason":"required-cuda-stage-declined","decoded_format":"cpu-yuv420","nvdec_decode_status":0,"nvdec_decode_status_result":801,"nvdec_error_concealed":false,"width":1600,"height":1200,"method":0,"quality":25,"parse_ns":140,"decode_ns":79682349,"device_handoff_ns":1008023,"webp_encode_ns":66179897,"metadata_ns":70,"total_ns":314321351,"images_per_second":3.181457,"decoded_host_to_device_bytes":0,"decoded_device_to_host_bytes":0,"decoded_device_to_device_bytes":0,"verification_psnr_db":-1.000000,"output_bytes":792732}
texture	medium-1600x1200	0	75	5f61cb7b656c18847c83806b594e3a2665c2fcf776ca03d752a46e5c553127e2	5f61cb7b656c18847c83806b594e3a2665c2fcf776ca03d752a46e5c553127e2	1178308	1178308	cpu	required-cuda-stage-declined	{"operation":"webp_transcode","sequence":0,"backend":"cpu","decline_reason":"forced-cpu","decoded_format":"cpu-yuv420","nvdec_decode_status":0,"nvdec_decode_status_result":-1,"nvdec_error_concealed":false,"width":1600,"height":1200,"method":0,"quality":75,"parse_ns":280,"decode_ns":81059021,"device_handoff_ns":0,"webp_encode_ns":227247715,"metadata_ns":51,"total_ns":308561081,"images_per_second":3.240849,"decoded_host_to_device_bytes":0,"decoded_device_to_host_bytes":0,"decoded_device_to_device_bytes":0,"verification_psnr_db":-1.000000,"output_bytes":1178308}	{"operation":"webp_transcode","sequence":0,"backend":"cpu","decline_reason":"required-cuda-stage-declined","decoded_format":"cpu-yuv420","nvdec_decode_status":0,"nvdec_decode_status_result":801,"nvdec_error_concealed":false,"width":1600,"height":1200,"method":0,"quality":75,"parse_ns":241,"decode_ns":80013908,"device_handoff_ns":979790,"webp_encode_ns":92520990,"metadata_ns":50,"total_ns":340144226,"images_per_second":2.939929,"decoded_host_to_device_bytes":0,"decoded_device_to_host_bytes":0,"decoded_device_to_device_bytes":0,"verification_psnr_db":-1.000000,"output_bytes":1178308}
texture	medium-1600x1200	0	98	0b803e2c11269e13ef5d56710708deb379ef1078a168f6bf22387a09c8f5abff	0b803e2c11269e13ef5d56710708deb379ef1078a168f6bf22387a09c8f5abff	1916744	1916744	cpu	required-cuda-stage-declined	{"operation":"webp_transcode","sequence":0,"backend":"cpu","decline_reason":"forced-cpu","decoded_format":"cpu-yuv420","nvdec_decode_status":0,"nvdec_decode_status_result":-1,"nvdec_error_concealed":false,"width":1600,"height":1200,"method":0,"quality":98,"parse_ns":150,"decode_ns":82851739,"device_handoff_ns":0,"webp_encode_ns":298130939,"metadata_ns":50,"total_ns":381237053,"images_per_second":2.623040,"decoded_host_to_device_bytes":0,"decoded_device_to_host_bytes":0,"decoded_device_to_device_bytes":0,"verification_psnr_db":-1.000000,"output_bytes":1916744}	{"operation":"webp_transcode","sequence":0,"backend":"cpu","decline_reason":"required-cuda-stage-declined","decoded_format":"cpu-yuv420","nvdec_decode_status":0,"nvdec_decode_status_result":801,"nvdec_error_concealed":false,"width":1600,"height":1200,"method":0,"quality":98,"parse_ns":130,"decode_ns":81472151,"device_handoff_ns":1034141,"webp_encode_ns":157465229,"metadata_ns":40,"total_ns":434384286,"images_per_second":2.302109,"decoded_host_to_device_bytes":0,"decoded_device_to_host_bytes":0,"decoded_device_to_device_bytes":0,"verification_psnr_db":-1.000000,"output_bytes":1916744}
texture	medium-1600x1200	1	25	ceebfb6faf6ab1ee3b4b22ea726bbeb3b74c5565746dab6f0eec7c627cf522d7	ceebfb6faf6ab1ee3b4b22ea726bbeb3b74c5565746dab6f0eec7c627cf522d7	792334	792334	cpu	required-cuda-stage-declined	{"operation":"webp_transcode","sequence":0,"backend":"cpu","decline_reason":"forced-cpu","decoded_format":"cpu-yuv420","nvdec_decode_status":0,"nvdec_decode_status_result":-1,"nvdec_error_concealed":false,"width":1600,"height":1200,"method":1,"quality":25,"parse_ns":131,"decode_ns":82804681,"device_handoff_ns":0,"webp_encode_ns":225249494,"metadata_ns":140,"total_ns":308317807,"images_per_second":3.243407,"decoded_host_to_device_bytes":0,"decoded_device_to_host_bytes":0,"decoded_device_to_device_bytes":0,"verification_psnr_db":-1.000000,"output_bytes":792334}	{"operation":"webp_transcode","sequence":0,"backend":"cpu","decline_reason":"required-cuda-stage-declined","decoded_format":"cpu-yuv420","nvdec_decode_status":0,"nvdec_decode_status_result":801,"nvdec_error_concealed":false,"width":1600,"height":1200,"method":1,"quality":25,"parse_ns":141,"decode_ns":82925085,"device_handoff_ns":1038239,"webp_encode_ns":88491954,"metadata_ns":40,"total_ns":370500438,"images_per_second":2.699052,"decoded_host_to_device_bytes":0,"decoded_device_to_host_bytes":0,"decoded_device_to_device_bytes":0,"verification_psnr_db":-1.000000,"output_bytes":792334}
texture	medium-1600x1200	1	75	f79195fdfda43e7fea7bd427fbc8e345045d6b8b9d38622fb2199a6e6c2a76c9	f79195fdfda43e7fea7bd427fbc8e345045d6b8b9d38622fb2199a6e6c2a76c9	1177862	1177862	cpu	required-cuda-stage-declined	{"operation":"webp_transcode","sequence":0,"backend":"cpu","decline_reason":"forced-cpu","decoded_format":"cpu-yuv420","nvdec_decode_status":0,"nvdec_decode_status_result":-1,"nvdec_error_concealed":false,"width":1600,"height":1200,"method":1,"quality":75,"parse_ns":160,"decode_ns":85070563,"device_handoff_ns":0,"webp_encode_ns":254625164,"metadata_ns":50,"total_ns":339951114,"images_per_second":2.941599,"decoded_host_to_device_bytes":0,"decoded_device_to_host_bytes":0,"decoded_device_to_device_bytes":0,"verification_psnr_db":-1.000000,"output_bytes":1177862}	{"operation":"webp_transcode","sequence":0,"backend":"cpu","decline_reason":"required-cuda-stage-declined","decoded_format":"cpu-yuv420","nvdec_decode_status":0,"nvdec_decode_status_result":801,"nvdec_error_concealed":false,"width":1600,"height":1200,"method":1,"quality":75,"parse_ns":140,"decode_ns":83955421,"device_handoff_ns":1000078,"webp_encode_ns":121012499,"metadata_ns":40,"total_ns":394492392,"images_per_second":2.534903,"decoded_host_to_device_bytes":0,"decoded_device_to_host_bytes":0,"decoded_device_to_device_bytes":0,"verification_psnr_db":-1.000000,"output_bytes":1177862}
texture	medium-1600x1200	1	98	eec58818cc072bd8e5b166cc5d9733826757c92b1a022716fd833703b7cd646d	eec58818cc072bd8e5b166cc5d9733826757c92b1a022716fd833703b7cd646d	1916038	1916038	cpu	required-cuda-stage-declined	{"operation":"webp_transcode","sequence":0,"backend":"cpu","decline_reason":"forced-cpu","decoded_format":"cpu-yuv420","nvdec_decode_status":0,"nvdec_decode_status_result":-1,"nvdec_error_concealed":false,"width":1600,"height":1200,"method":1,"quality":98,"parse_ns":150,"decode_ns":83597061,"device_handoff_ns":0,"webp_encode_ns":337731829,"metadata_ns":40,"total_ns":421582343,"images_per_second":2.372016,"decoded_host_to_device_bytes":0,"decoded_device_to_host_bytes":0,"decoded_device_to_device_bytes":0,"verification_psnr_db":-1.000000,"output_bytes":1916038}	{"operation":"webp_transcode","sequence":0,"backend":"cpu","decline_reason":"required-cuda-stage-declined","decoded_format":"cpu-yuv420","nvdec_decode_status":0,"nvdec_decode_status_result":801,"nvdec_error_concealed":false,"width":1600,"height":1200,"method":1,"quality":98,"parse_ns":161,"decode_ns":84045579,"device_handoff_ns":997213,"webp_encode_ns":198557355,"metadata_ns":80,"total_ns":483742082,"images_per_second":2.067217,"decoded_host_to_device_bytes":0,"decoded_device_to_host_bytes":0,"decoded_device_to_device_bytes":0,"verification_psnr_db":-1.000000,"output_bytes":1916038}
texture	medium-1600x1200	2	25	6c70a6588721f1d4b90b98309a23a2598f8f509e78281438d8510df22c8371f6	6c70a6588721f1d4b90b98309a23a2598f8f509e78281438d8510df22c8371f6	1181068	1181068	cpu	required-cuda-stage-declined	{"operation":"webp_transcode","sequence":0,"backend":"cpu","decline_reason":"forced-cpu","decoded_format":"cpu-yuv420","nvdec_decode_status":0,"nvdec_decode_status_result":-1,"nvdec_error_concealed":false,"width":1600,"height":1200,"method":2,"quality":25,"parse_ns":160,"decode_ns":82750570,"device_handoff_ns":0,"webp_encode_ns":247996923,"metadata_ns":50,"total_ns":331000134,"images_per_second":3.021147,"decoded_host_to_device_bytes":0,"decoded_device_to_host_bytes":0,"decoded_device_to_device_bytes":0,"verification_psnr_db":-1.000000,"output_bytes":1181068}	{"operation":"webp_transcode","sequence":0,"backend":"cpu","decline_reason":"required-cuda-stage-declined","decoded_format":"cpu-yuv420","nvdec_decode_status":0,"nvdec_decode_status_result":801,"nvdec_error_concealed":false,"width":1600,"height":1200,"method":2,"quality":25,"parse_ns":131,"decode_ns":84682087,"device_handoff_ns":1341797,"webp_encode_ns":117080886,"metadata_ns":40,"total_ns":396395808,"images_per_second":2.522731,"decoded_host_to_device_bytes":0,"decoded_device_to_host_bytes":0,"decoded_device_to_device_bytes":0,"verification_psnr_db":-1.000000,"output_bytes":1181068}
texture	medium-1600x1200	2	75	fbaf416ac5cb589facc0f39f3ce70258f3272a0e7eb917ac59b4b77d63ec810d	fbaf416ac5cb589facc0f39f3ce70258f3272a0e7eb917ac59b4b77d63ec810d	1854112	1854112	cpu	required-cuda-stage-declined	{"operation":"webp_transcode","sequence":0,"backend":"cpu","decline_reason":"forced-cpu","decoded_format":"cpu-yuv420","nvdec_decode_status":0,"nvdec_decode_status_result":-1,"nvdec_error_concealed":false,"width":1600,"height":1200,"method":2,"quality":75,"parse_ns":140,"decode_ns":82298866,"device_handoff_ns":0,"webp_encode_ns":290682265,"metadata_ns":40,"total_ns":373233252,"images_per_second":2.679290,"decoded_host_to_device_bytes":0,"decoded_device_to_host_bytes":0,"decoded_device_to_device_bytes":0,"verification_psnr_db":-1.000000,"output_bytes":1854112}	{"operation":"webp_transcode","sequence":0,"backend":"cpu","decline_reason":"required-cuda-stage-declined","decoded_format":"cpu-yuv420","nvdec_decode_status":0,"nvdec_decode_status_result":801,"nvdec_error_concealed":false,"width":1600,"height":1200,"method":2,"quality":75,"parse_ns":141,"decode_ns":82054660,"device_handoff_ns":1047707,"webp_encode_ns":152336469,"metadata_ns":40,"total_ns":426576512,"images_per_second":2.344245,"decoded_host_to_device_bytes":0,"decoded_device_to_host_bytes":0,"decoded_device_to_device_bytes":0,"verification_psnr_db":-1.000000,"output_bytes":1854112}
texture	medium-1600x1200	2	98	03811c705f1f402caf924e631a39f6be463b66e05c62eb3f13a36c3450e64a82	03811c705f1f402caf924e631a39f6be463b66e05c62eb3f13a36c3450e64a82	4674556	4674556	cpu	required-cuda-stage-declined	{"operation":"webp_transcode","sequence":0,"backend":"cpu","decline_reason":"forced-cpu","decoded_format":"cpu-yuv420","nvdec_decode_status":0,"nvdec_decode_status_result":-1,"nvdec_error_concealed":false,"width":1600,"height":1200,"method":2,"quality":98,"parse_ns":140,"decode_ns":85324278,"device_handoff_ns":0,"webp_encode_ns":390712311,"metadata_ns":50,"total_ns":476288198,"images_per_second":2.099569,"decoded_host_to_device_bytes":0,"decoded_device_to_host_bytes":0,"decoded_device_to_device_bytes":0,"verification_psnr_db":-1.000000,"output_bytes":4674556}	{"operation":"webp_transcode","sequence":0,"backend":"cpu","decline_reason":"required-cuda-stage-declined","decoded_format":"cpu-yuv420","nvdec_decode_status":0,"nvdec_decode_status_result":801,"nvdec_error_concealed":false,"width":1600,"height":1200,"method":2,"quality":98,"parse_ns":150,"decode_ns":80040618,"device_handoff_ns":977616,"webp_encode_ns":225487728,"metadata_ns":130,"total_ns":511830818,"images_per_second":1.953771,"decoded_host_to_device_bytes":0,"decoded_device_to_host_bytes":0,"decoded_device_to_device_bytes":0,"verification_psnr_db":-1.000000,"output_bytes":4674556}
texture	medium-1600x1200	3	25	8dc6f8f9fa1c8547d7bd0bb66609a3cddd7cf1ceaea10df93743740c327132e4	8dc6f8f9fa1c8547d7bd0bb66609a3cddd7cf1ceaea10df93743740c327132e4	808620	808620	nvdec	none	{"operation":"webp_transcode","sequence":0,"backend":"cpu","decline_reason":"forced-cpu","decoded_format":"cpu-yuv420","nvdec_decode_status":0,"nvdec_decode_status_result":-1,"nvdec_error_concealed":false,"width":1600,"height":1200,"method":3,"quality":25,"parse_ns":150,"decode_ns":80666687,"device_handoff_ns":0,"webp_encode_ns":193326153,"metadata_ns":40,"total_ns":274234322,"images_per_second":3.646517,"decoded_host_to_device_bytes":0,"decoded_device_to_host_bytes":0,"decoded_device_to_device_bytes":0,"verification_psnr_db":-1.000000,"output_bytes":808620}	{"operation":"webp_transcode","sequence":0,"backend":"nvdec","decline_reason":"none","decoded_format":"nvdec-nv12","nvdec_decode_status":0,"nvdec_decode_status_result":801,"nvdec_error_concealed":false,"width":1600,"height":1200,"method":3,"quality":25,"parse_ns":130,"decode_ns":173172198,"device_handoff_ns":935537,"webp_encode_ns":60564639,"metadata_ns":191,"total_ns":233791729,"images_per_second":4.277311,"decoded_host_to_device_bytes":0,"decoded_device_to_host_bytes":0,"decoded_device_to_device_bytes":5760000,"verification_psnr_db":-1.000000,"output_bytes":808620}
texture	medium-1600x1200	3	75	548991ddbb48237a322f68b187ceae62dcce873c0a3f52e367c766afd439210c	548991ddbb48237a322f68b187ceae62dcce873c0a3f52e367c766afd439210c	1166822	1166822	nvdec	none	{"operation":"webp_transcode","sequence":0,"backend":"cpu","decline_reason":"forced-cpu","decoded_format":"cpu-yuv420","nvdec_decode_status":0,"nvdec_decode_status_result":-1,"nvdec_error_concealed":false,"width":1600,"height":1200,"method":3,"quality":75,"parse_ns":141,"decode_ns":83186334,"device_handoff_ns":0,"webp_encode_ns":210341376,"metadata_ns":40,"total_ns":293778709,"images_per_second":3.403923,"decoded_host_to_device_bytes":0,"decoded_device_to_host_bytes":0,"decoded_device_to_device_bytes":0,"verification_psnr_db":-1.000000,"output_bytes":1166822}	{"operation":"webp_transcode","sequence":0,"backend":"nvdec","decline_reason":"none","decoded_format":"nvdec-nv12","nvdec_decode_status":0,"nvdec_decode_status_result":801,"nvdec_error_concealed":false,"width":1600,"height":1200,"method":3,"quality":75,"parse_ns":141,"decode_ns":164316767,"device_handoff_ns":950084,"webp_encode_ns":75518411,"metadata_ns":260,"total_ns":239889720,"images_per_second":4.168582,"decoded_host_to_device_bytes":0,"decoded_device_to_host_bytes":0,"decoded_device_to_device_bytes":5760000,"verification_psnr_db":-1.000000,"output_bytes":1166822}
texture	medium-1600x1200	3	98	a584d0c20d8fed847a2a488903cb4bfa3fe8f00b9daa50a1553aca2e3723d8ed	a584d0c20d8fed847a2a488903cb4bfa3fe8f00b9daa50a1553aca2e3723d8ed	1919338	1919338	nvdec	none	{"operation":"webp_transcode","sequence":0,"backend":"cpu","decline_reason":"forced-cpu","decoded_format":"cpu-yuv420","nvdec_decode_status":0,"nvdec_decode_status_result":-1,"nvdec_error_concealed":false,"width":1600,"height":1200,"method":3,"quality":98,"parse_ns":140,"decode_ns":83578196,"device_handoff_ns":0,"webp_encode_ns":245214395,"metadata_ns":50,"total_ns":329049611,"images_per_second":3.039055,"decoded_host_to_device_bytes":0,"decoded_device_to_host_bytes":0,"decoded_device_to_device_bytes":0,"verification_psnr_db":-1.000000,"output_bytes":1919338}	{"operation":"webp_transcode","sequence":0,"backend":"nvdec","decline_reason":"none","decoded_format":"nvdec-nv12","nvdec_decode_status":0,"nvdec_decode_status_result":801,"nvdec_error_concealed":false,"width":1600,"height":1200,"method":3,"quality":98,"parse_ns":150,"decode_ns":166631430,"device_handoff_ns":952930,"webp_encode_ns":104362728,"metadata_ns":151,"total_ns":271047409,"images_per_second":3.689391,"decoded_host_to_device_bytes":0,"decoded_device_to_host_bytes":0,"decoded_device_to_device_bytes":5760000,"verification_psnr_db":-1.000000,"output_bytes":1919338}
texture	medium-1600x1200	4	25	c015a3e2499f6f1cf3857e96815decb5ae477a7c9fe2ce80cb68a8d4930ac8ff	c015a3e2499f6f1cf3857e96815decb5ae477a7c9fe2ce80cb68a8d4930ac8ff	809120	809120	nvdec	none	{"operation":"webp_transcode","sequence":0,"backend":"cpu","decline_reason":"forced-cpu","decoded_format":"cpu-yuv420","nvdec_decode_status":0,"nvdec_decode_status_result":-1,"nvdec_error_concealed":false,"width":1600,"height":1200,"method":4,"quality":25,"parse_ns":140,"decode_ns":83009954,"device_handoff_ns":0,"webp_encode_ns":194834211,"metadata_ns":60,"total_ns":278099071,"images_per_second":3.595841,"decoded_host_to_device_bytes":0,"decoded_device_to_host_bytes":0,"decoded_device_to_device_bytes":0,"verification_psnr_db":-1.000000,"output_bytes":809120}	{"operation":"webp_transcode","sequence":0,"backend":"nvdec","decline_reason":"none","decoded_format":"nvdec-nv12","nvdec_decode_status":0,"nvdec_decode_status_result":801,"nvdec_error_concealed":false,"width":1600,"height":1200,"method":4,"quality":25,"parse_ns":150,"decode_ns":178201903,"device_handoff_ns":1074307,"webp_encode_ns":62594601,"metadata_ns":221,"total_ns":240850985,"images_per_second":4.151945,"decoded_host_to_device_bytes":0,"decoded_device_to_host_bytes":0,"decoded_device_to_device_bytes":5760000,"verification_psnr_db":-1.000000,"output_bytes":809120}
texture	medium-1600x1200	4	75	13dcd63ba540b6aedd7c0b253d1c843da2974175fd5d9e377ce4df6b38d38ee9	13dcd63ba540b6aedd7c0b253d1c843da2974175fd5d9e377ce4df6b38d38ee9	1167310	1167310	nvdec	none	{"operation":"webp_transcode","sequence":0,"backend":"cpu","decline_reason":"forced-cpu","decoded_format":"cpu-yuv420","nvdec_decode_status":0,"nvdec_decode_status_result":-1,"nvdec_error_concealed":false,"width":1600,"height":1200,"method":4,"quality":75,"parse_ns":151,"decode_ns":82251879,"device_handoff_ns":0,"webp_encode_ns":220419440,"metadata_ns":140,"total_ns":302919363,"images_per_second":3.301209,"decoded_host_to_device_bytes":0,"decoded_device_to_host_bytes":0,"decoded_device_to_device_bytes":0,"verification_psnr_db":-1.000000,"output_bytes":1167310}	{"operation":"webp_transcode","sequence":0,"backend":"nvdec","decline_reason":"none","decoded_format":"nvdec-nv12","nvdec_decode_status":0,"nvdec_decode_status_result":801,"nvdec_error_concealed":false,"width":1600,"height":1200,"method":4,"quality":75,"parse_ns":141,"decode_ns":178292903,"device_handoff_ns":1062905,"webp_encode_ns":77401909,"metadata_ns":210,"total_ns":255746198,"images_per_second":3.910127,"decoded_host_to_device_bytes":0,"decoded_device_to_host_bytes":0,"decoded_device_to_device_bytes":5760000,"verification_psnr_db":-1.000000,"output_bytes":1167310}
texture	medium-1600x1200	4	98	5657fec727b6b8e93951c30a122ac68f48a97cc73c14bf02788a13896f7160d2	5657fec727b6b8e93951c30a122ac68f48a97cc73c14bf02788a13896f7160d2	1919344	1919344	nvdec	none	{"operation":"webp_transcode","sequence":0,"backend":"cpu","decline_reason":"forced-cpu","decoded_format":"cpu-yuv420","nvdec_decode_status":0,"nvdec_decode_status_result":-1,"nvdec_error_concealed":false,"width":1600,"height":1200,"method":4,"quality":98,"parse_ns":161,"decode_ns":84904894,"device_handoff_ns":0,"webp_encode_ns":256268143,"metadata_ns":50,"total_ns":341430378,"images_per_second":2.928855,"decoded_host_to_device_bytes":0,"decoded_device_to_host_bytes":0,"decoded_device_to_device_bytes":0,"verification_psnr_db":-1.000000,"output_bytes":1919344}	{"operation":"webp_transcode","sequence":0,"backend":"nvdec","decline_reason":"none","decoded_format":"nvdec-nv12","nvdec_decode_status":0,"nvdec_decode_status_result":801,"nvdec_error_concealed":false,"width":1600,"height":1200,"method":4,"quality":98,"parse_ns":140,"decode_ns":183546216,"device_handoff_ns":1044550,"webp_encode_ns":117490150,"metadata_ns":290,"total_ns":301091618,"images_per_second":3.321248,"decoded_host_to_device_bytes":0,"decoded_device_to_host_bytes":0,"decoded_device_to_device_bytes":5760000,"verification_psnr_db":-1.000000,"output_bytes":1919344}
texture	medium-1600x1200	5	25	69b0f0643863fe66197a4f207c3fbaef17d233e08806b1ae3894e606c6590ab7	69b0f0643863fe66197a4f207c3fbaef17d233e08806b1ae3894e606c6590ab7	806390	806390	nvdec	none	{"operation":"webp_transcode","sequence":0,"backend":"cpu","decline_reason":"forced-cpu","decoded_format":"cpu-yuv420","nvdec_decode_status":0,"nvdec_decode_status_result":-1,"nvdec_error_concealed":false,"width":1600,"height":1200,"method":5,"quality":25,"parse_ns":140,"decode_ns":83725520,"device_handoff_ns":0,"webp_encode_ns":231221739,"metadata_ns":60,"total_ns":315202195,"images_per_second":3.172567,"decoded_host_to_device_bytes":0,"decoded_device_to_host_bytes":0,"decoded_device_to_device_bytes":0,"verification_psnr_db":-1.000000,"output_bytes":806390}	{"operation":"webp_transcode","sequence":0,"backend":"nvdec","decline_reason":"none","decoded_format":"nvdec-nv12","nvdec_decode_status":0,"nvdec_decode_status_result":801,"nvdec_error_concealed":false,"width":1600,"height":1200,"method":5,"quality":25,"parse_ns":140,"decode_ns":177936176,"device_handoff_ns":1048539,"webp_encode_ns":88061260,"metadata_ns":211,"total_ns":266048381,"images_per_second":3.758715,"decoded_host_to_device_bytes":0,"decoded_device_to_host_bytes":0,"decoded_device_to_device_bytes":5760000,"verification_psnr_db":-1.000000,"output_bytes":806390}
texture	medium-1600x1200	5	75	9ceaaae8083a013ec2eb13055d4810dd792ece4a2c24965016a9baa764417716	9ceaaae8083a013ec2eb13055d4810dd792ece4a2c24965016a9baa764417716	1169014	1169014	nvdec	none	{"operation":"webp_transcode","sequence":0,"backend":"cpu","decline_reason":"forced-cpu","decoded_format":"cpu-yuv420","nvdec_decode_status":0,"nvdec_decode_status_result":-1,"nvdec_error_concealed":false,"width":1600,"height":1200,"method":5,"quality":75,"parse_ns":190,"decode_ns":83590238,"device_handoff_ns":0,"webp_encode_ns":248366323,"metadata_ns":40,"total_ns":332214823,"images_per_second":3.010100,"decoded_host_to_device_bytes":0,"decoded_device_to_host_bytes":0,"decoded_device_to_device_bytes":0,"verification_psnr_db":-1.000000,"output_bytes":1169014}	{"operation":"webp_transcode","sequence":0,"backend":"nvdec","decline_reason":"none","decoded_format":"nvdec-nv12","nvdec_decode_status":0,"nvdec_decode_status_result":801,"nvdec_error_concealed":false,"width":1600,"height":1200,"method":5,"quality":75,"parse_ns":130,"decode_ns":178274358,"device_handoff_ns":1055511,"webp_encode_ns":105812857,"metadata_ns":321,"total_ns":284141097,"images_per_second":3.519378,"decoded_host_to_device_bytes":0,"decoded_device_to_host_bytes":0,"decoded_device_to_device_bytes":5760000,"verification_psnr_db":-1.000000,"output_bytes":1169014}
texture	medium-1600x1200	5	98	661a939605190d3f32897dbe6a4ea8f5ee06c40abde9b8a28ad6d931c6f1330e	661a939605190d3f32897dbe6a4ea8f5ee06c40abde9b8a28ad6d931c6f1330e	1919078	1919078	nvdec	none	{"operation":"webp_transcode","sequence":0,"backend":"cpu","decline_reason":"forced-cpu","decoded_format":"cpu-yuv420","nvdec_decode_status":0,"nvdec_decode_status_result":-1,"nvdec_error_concealed":false,"width":1600,"height":1200,"method":5,"quality":98,"parse_ns":140,"decode_ns":83231668,"device_handoff_ns":0,"webp_encode_ns":289588922,"metadata_ns":151,"total_ns":373051622,"images_per_second":2.680594,"decoded_host_to_device_bytes":0,"decoded_device_to_host_bytes":0,"decoded_device_to_device_bytes":0,"verification_psnr_db":-1.000000,"output_bytes":1919078}	{"operation":"webp_transcode","sequence":0,"backend":"nvdec","decline_reason":"none","decoded_format":"nvdec-nv12","nvdec_decode_status":0,"nvdec_decode_status_result":801,"nvdec_error_concealed":false,"width":1600,"height":1200,"method":5,"quality":98,"parse_ns":140,"decode_ns":182748085,"device_handoff_ns":1036786,"webp_encode_ns":146656860,"metadata_ns":201,"total_ns":329467101,"images_per_second":3.035204,"decoded_host_to_device_bytes":0,"decoded_device_to_host_bytes":0,"decoded_device_to_device_bytes":5760000,"verification_psnr_db":-1.000000,"output_bytes":1919078}
texture	medium-1600x1200	6	25	e34913b94d90168318406ae406422068be4e0a92c49d731e2210601de0a344ac	e34913b94d90168318406ae406422068be4e0a92c49d731e2210601de0a344ac	800836	800836	nvdec	none	{"operation":"webp_transcode","sequence":0,"backend":"cpu","decline_reason":"forced-cpu","decoded_format":"cpu-yuv420","nvdec_decode_status":0,"nvdec_decode_status_result":-1,"nvdec_error_concealed":false,"width":1600,"height":1200,"method":6,"quality":25,"parse_ns":141,"decode_ns":82016899,"device_handoff_ns":0,"webp_encode_ns":247733191,"metadata_ns":70,"total_ns":329996971,"images_per_second":3.030331,"decoded_host_to_device_bytes":0,"decoded_device_to_host_bytes":0,"decoded_device_to_device_bytes":0,"verification_psnr_db":-1.000000,"output_bytes":800836}	{"operation":"webp_transcode","sequence":0,"backend":"nvdec","decline_reason":"none","decoded_format":"nvdec-nv12","nvdec_decode_status":0,"nvdec_decode_status_result":801,"nvdec_error_concealed":false,"width":1600,"height":1200,"method":6,"quality":25,"parse_ns":150,"decode_ns":168203556,"device_handoff_ns":975773,"webp_encode_ns":98859810,"metadata_ns":221,"total_ns":267118891,"images_per_second":3.743651,"decoded_host_to_device_bytes":0,"decoded_device_to_host_bytes":0,"decoded_device_to_device_bytes":5760000,"verification_psnr_db":-1.000000,"output_bytes":800836}
texture	medium-1600x1200	6	75	9fbd62dc5605376957af07fdd05b2b2d87a473b5ee8f0ccfd7838e6d40a2d7df	9fbd62dc5605376957af07fdd05b2b2d87a473b5ee8f0ccfd7838e6d40a2d7df	1167216	1167216	nvdec	none	{"operation":"webp_transcode","sequence":0,"backend":"cpu","decline_reason":"forced-cpu","decoded_format":"cpu-yuv420","nvdec_decode_status":0,"nvdec_decode_status_result":-1,"nvdec_error_concealed":false,"width":1600,"height":1200,"method":6,"quality":75,"parse_ns":131,"decode_ns":83460566,"device_handoff_ns":0,"webp_encode_ns":250800760,"metadata_ns":50,"total_ns":334520791,"images_per_second":2.989351,"decoded_host_to_device_bytes":0,"decoded_device_to_host_bytes":0,"decoded_device_to_device_bytes":0,"verification_psnr_db":-1.000000,"output_bytes":1167216}	{"operation":"webp_transcode","sequence":0,"backend":"nvdec","decline_reason":"none","decoded_format":"nvdec-nv12","nvdec_decode_status":0,"nvdec_decode_status_result":801,"nvdec_error_concealed":false,"width":1600,"height":1200,"method":6,"quality":75,"parse_ns":130,"decode_ns":169309673,"device_handoff_ns":980551,"webp_encode_ns":104164919,"metadata_ns":210,"total_ns":273528523,"images_per_second":3.655926,"decoded_host_to_device_bytes":0,"decoded_device_to_host_bytes":0,"decoded_device_to_device_bytes":5760000,"verification_psnr_db":-1.000000,"output_bytes":1167216}
texture	medium-1600x1200	6	98	268a2ca4b31bf5e7f8e8002655806e17785834a7d95514af4df747b4b1947135	268a2ca4b31bf5e7f8e8002655806e17785834a7d95514af4df747b4b1947135	1921504	1921504	nvdec	none	{"operation":"webp_transcode","sequence":0,"backend":"cpu","decline_reason":"forced-cpu","decoded_format":"cpu-yuv420","nvdec_decode_status":0,"nvdec_decode_status_result":-1,"nvdec_error_concealed":false,"width":1600,"height":1200,"method":6,"quality":98,"parse_ns":141,"decode_ns":84794257,"device_handoff_ns":0,"webp_encode_ns":268470666,"metadata_ns":50,"total_ns":353518667,"images_per_second":2.828705,"decoded_host_to_device_bytes":0,"decoded_device_to_host_bytes":0,"decoded_device_to_device_bytes":0,"verification_psnr_db":-1.000000,"output_bytes":1921504}	{"operation":"webp_transcode","sequence":0,"backend":"nvdec","decline_reason":"none","decoded_format":"nvdec-nv12","nvdec_decode_status":0,"nvdec_decode_status_result":801,"nvdec_error_concealed":false,"width":1600,"height":1200,"method":6,"quality":98,"parse_ns":130,"decode_ns":167165779,"device_handoff_ns":990079,"webp_encode_ns":138770058,"metadata_ns":151,"total_ns":305990318,"images_per_second":3.268077,"decoded_host_to_device_bytes":0,"decoded_device_to_host_bytes":0,"decoded_device_to_device_bytes":5760000,"verification_psnr_db":-1.000000,"output_bytes":1921504}
